ep_count,ep_steps,total_steps,packages_lost,ep_reward,speed_mean,speed_max,BestLap,LapNo_0,LapNo_1,LapNo_2,LapNo_3,LapNo_4,LapNo_5
1,81,83,0,1.5026451519039608,1.6687808195200897,4.421732425689697,0.0,0.0,,,,,
2,96,181,0,2.1865185574990833,2.048333449637236,8.264485359191895,0.0,0.0,,,,,
3,227,410,0,3.194013368764795,1.2467792021887099,5.920497417449951,0.0,0.0,,,,,
4,71,483,0,1.6759809708687339,2.121802132875121,6.6177825927734375,0.0,0.0,,,,,
5,251,736,0,14.15968036460644,5.8894407548212335,17.58428382873535,0.0,0.0,,,,,
6,79,817,0,3.011825893426636,4.704055775847003,10.39176082611084,0.0,0.0,,,,,
7,344,1163,0,4.020846169489893,1.0433515327896985,7.2416090965271,0.0,0.0,,,,,
8,92,1257,0,5.069301167412861,4.948160132333768,9.849092483520508,0.0,0.0,,,,,
9,636,1895,0,3.983838939623525,0.8293284984058759,7.895143032073975,0.0,0.0,,,,,
10,932,2829,0,432.9694278809785,41.78431878243351,65.4564208984375,0.0,0.0,,,,,
11,1139,3970,0,319.01724777455104,25.782820368328732,46.0507698059082,0.0,0.0,,,,,
12,402,4374,0,17.778783299024695,4.551781464821024,12.23046875,0.0,0.0,,,,,
13,387,4763,0,58.67139049938284,14.807805207985208,29.529504776000977,0.0,0.0,,,,,
14,1458,6223,0,395.28987151786976,25.823054963196082,45.1853141784668,0.0,0.0,,,,,
15,821,7046,0,280.28364733987326,32.3653856749719,50.53038787841797,0.0,0.0,,,,,
16,206,7254,0,39.38085306602882,16.559725448975193,34.42723083496094,0.0,0.0,,,,,
17,824,8080,0,425.76827638691225,46.280868476075746,67.33162689208984,0.0,0.0,,,,,
18,248,8330,0,0.025992507194658537,0.008746701639005726,0.3652217388153076,0.0,0.0,,,,,
19,248,8580,0,0.027003617440322054,0.00907706735007753,0.22453093528747559,0.0,0.0,,,,,
20,248,8830,0,0.04294046240322455,0.014441453611447462,0.34426507353782654,0.0,0.0,,,,,
21,248,9080,0,0.05384694689096728,0.018108508056273773,0.29358893632888794,0.0,0.0,,,,,
22,248,9330,0,0.052429903528290155,0.017632759531895113,0.2766953408718109,0.0,0.0,,,,,
23,248,9580,0,0.07737375761044724,0.026031766944793016,0.2590259611606598,0.0,0.0,,,,,
24,248,9830,0,0.13301195615791706,0.04481106695687143,0.22879569232463837,0.0,0.0,,,,,
25,248,10080,0,0.17795202904072632,0.06002064826785617,0.5898796916007996,0.0,0.0,,,,,
26,248,10330,0,0.14419945806610746,0.04856846553499758,0.2278982251882553,0.0,0.0,,,,,
27,248,10580,0,0.11924646788974455,0.040154081510521675,0.25273382663726807,0.0,0.0,,,,,
28,248,10830,0,0.09414999547458598,0.03169533567345371,0.273596853017807,0.0,0.0,,,,,
29,248,11080,0,0.047730197405373334,0.016052820523034295,0.22899042069911957,0.0,0.0,,,,,
30,248,11330,0,0.06557349442818783,0.022055811004652388,0.25883933901786804,0.0,0.0,,,,,
31,248,11580,0,0.03255288994182996,0.010950831325199913,0.22440975904464722,0.0,0.0,,,,,
32,248,11830,0,0.004799330579957348,0.0016127701643023512,0.005294289439916611,0.0,0.0,,,,,
33,248,12080,0,0.004333083925794538,0.0014560758659905742,0.005870443768799305,0.0,0.0,,,,,
34,248,12330,0,0.03948891481326286,0.013276864186815557,0.2726445496082306,0.0,0.0,,,,,
35,248,12580,0,0.048383946406507575,0.01627738768449431,0.2840571999549866,0.0,0.0,,,,,
36,248,12830,0,0.05144631429982517,0.01729723695702447,0.26785895228385925,0.0,0.0,,,,,
37,248,13080,0,0.0694249712053322,0.02335316791721843,0.24566757678985596,0.0,0.0,,,,,
38,248,13330,0,0.11974211269963055,0.04030974659162307,0.3110249638557434,0.0,0.0,,,,,
39,248,13580,0,0.04315798458102783,0.014506112499798145,0.38608479499816895,0.0,0.0,,,,,
40,248,13830,0,0.003197024955527289,0.001074626399772129,0.005282397847622633,0.0,0.0,,,,,
41,248,14080,0,0.024329486800449537,0.008177384565222441,0.0709594264626503,0.0,0.0,,,,,
42,248,14330,0,0.037811036279751443,0.012716931989504496,0.23744073510169983,0.0,0.0,,,,,
43,248,14580,0,0.004616450686022138,0.0015523246364600415,0.00661047175526619,0.0,0.0,,,,,
44,248,14830,0,0.0659993987541629,0.022187069099492227,0.4636131823062897,0.0,0.0,,,,,
45,248,15080,0,0.05523492992092595,0.018570362087273445,0.6150256395339966,0.0,0.0,,,,,
46,248,15330,0,0.04157351367947461,0.013975004631579541,0.4117433726787567,0.0,0.0,,,,,
47,248,15580,0,0.03635619715188254,0.01222088380282296,0.23921149969100952,0.0,0.0,,,,,
48,248,15830,0,0.03724292767856304,0.012519934813509838,0.3021678030490875,0.0,0.0,,,,,
49,248,16080,0,0.0038902377237121045,0.0013079535096802565,0.005571957677602768,0.0,0.0,,,,,
50,248,16330,0,0.003990026693562647,0.0013408501105122042,0.005009266547858715,0.0,0.0,,,,,
51,248,16580,0,0.004615246821275731,0.0015510569943040947,0.005785092711448669,0.0,0.0,,,,,
52,248,16830,0,0.004441087142294419,0.0014928126679918815,0.006919859442859888,0.0,0.0,,,,,
53,248,17080,0,0.004125312541093192,0.0013863300780412242,0.005768781993538141,0.0,0.0,,,,,
54,248,17330,0,0.030886568765418208,0.010383833310375085,0.23408280313014984,0.0,0.0,,,,,
55,248,17580,0,0.04912801793620422,0.016518156287856394,0.2939886748790741,0.0,0.0,,,,,
56,248,17830,0,0.0032777935569700068,0.0011015450039145258,0.005425189156085253,0.0,0.0,,,,,
57,248,18080,0,0.08762728383689652,0.029474132114545123,0.35329151153564453,0.0,0.0,,,,,
58,248,18330,0,0.07317703472732552,0.024606431827651837,0.67894446849823,0.0,0.0,,,,,
59,248,18580,0,0.05230757001167874,0.017583499426930962,0.31206268072128296,0.0,0.0,,,,,
60,311,18893,0,0.36686283757852434,0.0987891400819854,1.5417059659957886,0.0,0.0,,,,,
61,248,19143,0,0.0038477805967772625,0.001293022250358204,0.006044902838766575,0.0,0.0,,,,,
62,248,19393,0,0.0038617197743196384,0.0012981447982618251,0.006217124406248331,0.0,0.0,,,,,
63,248,19643,0,0.0037929781239230595,0.0012757099252960489,0.006587780546396971,0.0,0.0,,,,,
64,248,19893,0,0.023519353581806325,0.007906257065520374,0.28679201006889343,0.0,0.0,,,,,
65,248,20143,0,0.022901434465370678,0.007696980006761394,0.2592298686504364,0.0,0.0,,,,,
66,248,20393,0,0.003722597530646848,0.0012511214086742021,0.0069092074409127235,0.0,0.0,,,,,
67,248,20643,0,0.00423218252920291,0.0014222930455998135,0.006403300445526838,0.0,0.0,,,,,
68,248,20893,0,0.0039775735831644446,0.001337326341516957,0.005410891491919756,0.0,0.0,,,,,
69,248,21143,0,0.0041622266907874565,0.0013994196867110253,0.006200127303600311,0.0,0.0,,,,,
70,248,21393,0,0.03696185747547483,0.012424382721702943,0.33908727765083313,0.0,0.0,,,,,
71,248,21643,0,0.04898223732222361,0.0164659590251587,0.23919302225112915,0.0,0.0,,,,,
72,248,21893,0,0.053692614975906654,0.01805370336918596,0.24030455946922302,0.0,0.0,,,,,
73,248,22143,0,0.04885321741312554,0.016423925919914307,0.21867068111896515,0.0,0.0,,,,,
74,248,22393,0,0.11593860821420268,0.039035891065601215,0.3694136440753937,0.0,0.0,,,,,
75,248,22643,0,0.03445237131036028,0.011581398094412795,0.40059155225753784,0.0,0.0,,,,,
76,248,22893,0,0.036138914357563064,0.012150171386888214,0.22713136672973633,0.0,0.0,,,,,
77,248,23143,0,0.025445063934563104,0.008553108198318496,0.25350433588027954,0.0,0.0,,,,,
78,248,23393,0,0.030884055719853545,0.01038062195795881,0.3821108639240265,0.0,0.0,,,,,
79,248,23643,0,0.07091849372434825,0.02384423410166487,0.21783894300460815,0.0,0.0,,,,,
80,248,23893,0,0.04055607582922,0.013633866262059582,0.3490228056907654,0.0,0.0,,,,,
81,248,24143,0,0.06934308513680285,0.02331461173684323,0.5651882886886597,0.0,0.0,,,,,
82,248,24393,0,0.04614116189216645,0.015513024292886257,0.5369923710823059,0.0,0.0,,,,,
83,248,24643,0,0.004682082414116275,0.0015743726429307923,0.006688994355499744,0.0,0.0,,,,,
84,248,24893,0,0.003942865707652891,0.0013251577043012085,0.005864766426384449,0.0,0.0,,,,,
85,248,25143,0,0.028479545505182134,0.009571794739860062,0.1084316298365593,0.0,0.0,,,,,
86,248,25393,0,0.037457159578154486,0.012592019077865483,0.284697949886322,0.0,0.0,,,,,
87,248,25643,0,0.040999963895489454,0.013783082283196328,0.34076857566833496,0.0,0.0,,,,,
88,248,25893,0,0.01943926319861743,0.006532873013618941,0.18084299564361572,0.0,0.0,,,,,
89,248,26143,0,0.026706145719094375,0.008976480110387427,0.17471854388713837,0.0,0.0,,,,,
90,248,26393,0,0.036753202422756634,0.012352896492419888,0.1743117868900299,0.0,0.0,,,,,
91,248,26643,0,0.026209273693416576,0.008813570796959422,0.2176903635263443,0.0,0.0,,,,,
92,248,26893,0,0.06412816151316354,0.02158239043725893,0.5569896101951599,0.0,0.0,,,,,
93,248,27143,0,0.032557846770022686,0.010943625663311385,0.26609012484550476,0.0,0.0,,,,,
94,248,27393,0,0.062177880646335684,0.020909332952801524,0.6346349716186523,0.0,0.0,,,,,
95,248,27643,0,0.016223959023644423,0.005453472941054872,0.1634579300880432,0.0,0.0,,,,,
96,248,27893,0,0.06275326202830865,0.021109905434352715,0.5576793551445007,0.0,0.0,,,,,
97,248,28143,0,0.048622673597978325,0.016347380446302028,0.41307953000068665,0.0,0.0,,,,,
98,248,28393,0,0.06390501321789811,0.021500009554954652,0.22310230135917664,0.0,0.0,,,,,
99,248,28643,0,0.04114242068115902,0.013836811484731199,0.34087932109832764,0.0,0.0,,,,,
100,248,28893,0,0.052489195117528725,0.017646119120282463,0.4594680070877075,0.0,0.0,,,,,
101,248,29143,0,0.07760129203547955,0.026105474225562742,0.5581265687942505,0.0,0.0,,,,,
102,248,29393,0,0.055375412426115427,0.018623754711839982,0.514430820941925,0.0,0.0,,,,,
103,248,29643,0,0.04524672813556243,0.015213296609398375,0.41204699873924255,0.0,0.0,,,,,
104,248,29893,0,0.061118855030655644,0.020561996485236204,0.45864564180374146,0.0,0.0,,,,,
105,248,30143,0,0.07630157597461831,0.025660820198555163,0.6114001274108887,0.0,0.0,,,,,
106,248,30393,0,0.044893208930769965,0.015092137133896974,0.35885217785835266,0.0,0.0,,,,,
107,248,30643,0,0.05786319663997909,0.01945431053818245,0.3295382261276245,0.0,0.0,,,,,
108,248,30893,0,0.07580116183715127,0.025495824726784768,0.5496687293052673,0.0,0.0,,,,,
109,248,31143,0,0.01410872972712049,0.0047411238801648705,0.14171764254570007,0.0,0.0,,,,,
110,248,31393,0,0.05569049702510057,0.01872455460347884,0.33875975012779236,0.0,0.0,,,,,
111,248,31643,0,0.0766545086537531,0.025785767175435584,0.5373976826667786,0.0,0.0,,,,,
112,248,31893,0,0.061562657274616996,0.020704350195310618,0.4094599187374115,0.0,0.0,,,,,
113,248,32143,0,0.0480417772126155,0.016153463134551495,0.36021578311920166,0.0,0.0,,,,,
114,248,32393,0,0.04682669018076836,0.01574153777648697,0.21547457575798035,0.0,0.0,,,,,
115,248,32643,0,0.06234778194058528,0.020989244059995645,0.49418798089027405,0.0,0.0,,,,,
116,248,32893,0,0.06307322375192308,0.021208564230589894,0.5639853477478027,0.0,0.0,,,,,
117,248,33143,0,0.043529730255364905,0.01463198990243273,0.24323061108589172,0.0,0.0,,,,,
118,248,33393,0,0.050799220129041034,0.017083865399340977,0.45949193835258484,0.0,0.0,,,,,
119,248,33643,0,0.04867286898929759,0.016362843609473907,0.39319226145744324,0.0,0.0,,,,,
120,248,33893,0,0.026110201241895947,0.008776163581196964,0.33579471707344055,0.0,0.0,,,,,
121,248,34143,0,0.03817349546640353,0.012832669066043426,0.2853953242301941,0.0,0.0,,,,,
122,248,34393,0,0.05947880259573632,0.02000137229650488,0.3913491666316986,0.0,0.0,,,,,
123,248,34643,0,0.046870389707108454,0.01575573943409836,0.4070266783237457,0.0,0.0,,,,,
124,248,34893,0,0.0544553499969183,0.018312529781401427,0.3649829924106598,0.0,0.0,,,,,
125,248,35143,0,0.062455878154688255,0.020999619794242936,0.3083530068397522,0.0,0.0,,,,,
126,248,35393,0,0.04245380610525323,0.014272009574626517,0.38434839248657227,0.0,0.0,,,,,
127,248,35643,0,0.04894785100717939,0.01646106598890319,0.23413653671741486,0.0,0.0,,,,,
128,321,35966,0,0.3501943821107942,0.09140249656981533,1.5429002046585083,0.0,0.0,,,,,
129,248,36216,0,0.025909043979506628,0.008709988536954752,0.21274027228355408,0.0,0.0,,,,,
130,248,36466,0,0.004439839444749411,0.0014923822346909513,0.007266284432262182,0.0,0.0,,,,,
131,248,36716,0,0.02148343202986443,0.0072228041206824035,0.21362070739269257,0.0,0.0,,,,,
132,248,36966,0,0.022740550633774045,0.007643669673510181,0.21330201625823975,0.0,0.0,,,,,
133,248,37216,0,0.043995943120968474,0.014794999076648016,0.5090558528900146,0.0,0.0,,,,,
134,248,37466,0,0.034235776491958816,0.011511941935579318,0.2878904938697815,0.0,0.0,,,,,
135,248,37716,0,0.003957236103527152,0.0013306036680953712,0.006893028039485216,0.0,0.0,,,,,
136,248,37966,0,0.03983277870904851,0.013389805656603835,0.21517524123191833,0.0,0.0,,,,,
137,248,38216,0,0.0037366981785056856,0.0012564880620806024,0.0067680212669074535,0.0,0.0,,,,,
138,248,38466,0,0.0033881579503713564,0.001138734447361076,0.005224285181611776,0.0,0.0,,,,,
139,248,38716,0,0.004247008160904533,0.0014274035166460136,0.0071367970667779446,0.0,0.0,,,,,
140,248,38966,0,0.08535735879807332,0.028717129717645753,0.2734655439853668,0.0,0.0,,,,,
141,248,39216,0,0.05179249463568244,0.01741685151189872,0.21613679826259613,0.0,0.0,,,,,
142,248,39466,0,0.004125833057745218,0.001386543018299797,0.007037133444100618,0.0,0.0,,,,,
143,248,39716,0,0.13636405248427227,0.04592240524981471,0.31879204511642456,0.0,0.0,,,,,
144,248,39966,0,0.004533703233753003,0.001524719916966616,0.007801474072039127,0.0,0.0,,,,,
145,248,40216,0,0.006726128059129092,0.002260802947045792,0.17432861030101776,0.0,0.0,,,,,
146,248,40466,0,0.0048553103593716096,0.0016316561498482065,0.0070234304293990135,0.0,0.0,,,,,
147,248,40716,0,0.03818698525299831,0.01283570449707059,0.27181366086006165,0.0,0.0,,,,,
148,248,40966,0,0.07779331820853039,0.0261650144838636,0.22254237532615662,0.0,0.0,,,,,
149,248,41216,0,0.06952110796321874,0.02339584826175621,0.4434538781642914,0.0,0.0,,,,,
150,248,41466,0,0.029013403593657526,0.00975257372089888,0.35859712958335876,0.0,0.0,,,,,
151,248,41716,0,0.07854809225921788,0.026424531569934896,0.2660643756389618,0.0,0.0,,,,,
152,248,41966,0,0.0036008288647484277,0.0012099981830092034,0.0056221033446490765,0.0,0.0,,,,,
153,248,42216,0,0.06951266397584509,0.023380185237769066,0.4001832604408264,0.0,0.0,,,,,
154,248,42466,0,0.0036138155331477215,0.0012145200260405427,0.006786172743886709,0.0,0.0,,,,,
155,248,42716,0,0.020916346679059894,0.007030404702457036,0.21011066436767578,0.0,0.0,,,,,
156,248,42966,0,0.040554949719580846,0.013634863854760272,0.21843482553958893,0.0,0.0,,,,,
157,248,43216,0,0.07886210433168447,0.02652852762079302,0.38547250628471375,0.0,0.0,,,,,
158,248,43466,0,0.020503693643659046,0.006890834802913647,0.23390726745128632,0.0,0.0,,,,,
159,248,43716,0,0.038564333597736415,0.012961873672529397,0.23373520374298096,0.0,0.0,,,,,
160,248,43966,0,0.06800226412098745,0.022867812443549948,0.41207027435302734,0.0,0.0,,,,,
161,248,44216,0,0.03368693933028545,0.011322274033919976,0.2217896729707718,0.0,0.0,,,,,
162,248,44466,0,0.06116244387892987,0.020566872174992656,0.5935544371604919,0.0,0.0,,,,,
163,248,44716,0,0.0514329792298254,0.01729633636407544,0.2969116270542145,0.0,0.0,,,,,
164,248,44966,0,0.044460280686635066,0.014949992871885526,0.3802649974822998,0.0,0.0,,,,,
165,248,45216,0,0.05781954142856088,0.01943549496600979,0.4620996415615082,0.0,0.0,,,,,
166,248,45466,0,0.08656763748889063,0.029103388812326294,0.6401776075363159,0.0,0.0,,,,,
167,248,45716,0,0.0635083783914842,0.021356750161606715,0.3146965205669403,0.0,0.0,,,,,
168,248,45966,0,0.003515872318274783,0.0011816625176746334,0.005578848998993635,0.0,0.0,,,,,
169,248,46216,0,0.07664403759232633,0.025779152741609235,0.41270801424980164,0.0,0.0,,,,,
170,248,46466,0,0.07078628670754608,0.02381078280787704,0.22101959586143494,0.0,0.0,,,,,
171,248,46716,0,0.003445444281950451,0.0011580999531185126,0.006394281983375549,0.0,0.0,,,,,
172,248,46966,0,0.003479131291126817,0.001169190178152055,0.006043132860213518,0.0,0.0,,,,,
173,248,47216,0,0.058125461371071045,0.019542683173400997,0.43208926916122437,0.0,0.0,,,,,
174,248,47466,0,0.019939991067975987,0.006701415125403841,0.2842109501361847,0.0,0.0,,,,,
175,248,47716,0,0.10636497402971054,0.035794490968152286,0.42216989398002625,0.0,0.0,,,,,
176,248,47966,0,0.0869657516188389,0.029266126182436333,0.37838369607925415,0.0,0.0,,,,,
177,248,48216,0,0.02473970638044359,0.008314912079420596,0.21313616633415222,0.0,0.0,,,,,
178,248,48466,0,0.004184525574008497,0.0014065445978802369,0.007848682813346386,0.0,0.0,,,,,
179,248,48716,0,0.02997910828462509,0.010076618842445427,0.21480730175971985,0.0,0.0,,,,,
180,248,48966,0,0.07664887150840893,0.02578546512391298,0.3589458167552948,0.0,0.0,,,,,
181,248,49216,0,0.08723692461028204,0.029351669726301842,0.5658000707626343,0.0,0.0,,,,,
182,248,49466,0,0.005217792193019473,0.0017534906211303972,0.008581000380218029,0.0,0.0,,,,,
183,248,49716,0,0.06120187295612692,0.020579499033579675,0.33155080676078796,0.0,0.0,,,,,
184,248,49966,0,0.06635413592215375,0.022316570630209753,0.24600496888160706,0.0,0.0,,,,,
185,248,50216,0,0.032332759298984465,0.010871236176347837,0.2127629667520523,0.0,0.0,,,,,
186,248,50466,0,0.040823163652414035,0.013722037267378313,0.400719553232193,0.0,0.0,,,,,
187,248,50716,0,0.08250173082278578,0.027752780747255935,0.6490482687950134,0.0,0.0,,,,,
188,248,50966,0,0.06282363273893338,0.021124693319477722,0.22217731177806854,0.0,0.0,,,,,
189,248,51216,0,0.031958596386695584,0.010743601873400621,0.21498025953769684,0.0,0.0,,,,,
190,248,51466,0,0.06044528044405793,0.02032892152824535,0.21313656866550446,0.0,0.0,,,,,
191,248,51716,0,0.054882080813991006,0.018455459107885434,0.21070291101932526,0.0,0.0,,,,,
192,248,51966,0,0.005082460380523814,0.0017083632792198314,0.008025124669075012,0.0,0.0,,,,,
193,248,52216,0,0.004834229833078352,0.0016247582654262173,0.007581476122140884,0.0,0.0,,,,,
194,248,52466,0,0.12537458542254099,0.042202898806511166,0.6492178440093994,0.0,0.0,,,,,
195,248,52716,0,0.04544526672272848,0.015277832115463108,0.385332852602005,0.0,0.0,,,,,
196,248,52966,0,0.00469698751859671,0.0015786680666913585,0.007643456105142832,0.0,0.0,,,,,
197,248,53216,0,0.09286886290763677,0.03125238522939218,0.5459603667259216,0.0,0.0,,,,,
198,248,53466,0,0.055894811936504515,0.018791196168128788,0.5091408491134644,0.0,0.0,,,,,
199,248,53716,0,0.07467133114330328,0.025111763402844278,0.5415187478065491,0.0,0.0,,,,,
200,248,53966,0,0.04096856482477021,0.013772183024787322,0.23800192773342133,0.0,0.0,,,,,
201,248,54216,0,0.10742462433357987,0.03615857587711587,0.8549148440361023,0.0,0.0,,,,,
202,248,54466,0,0.08687359723333404,0.02923019430830121,0.48203760385513306,0.0,0.0,,,,,
203,248,54716,0,0.3208572347048547,0.10806794518207279,0.9549041390419006,0.0,0.0,,,,,
204,248,54966,0,0.003903120404239043,0.0013123181611409828,0.008040506392717361,0.0,0.0,,,,,
205,248,55216,0,0.0035659609185070083,0.0011989927350793638,0.006165504455566406,0.0,0.0,,,,,
206,248,55466,0,0.06352598367527357,0.02137541514838954,0.22280435264110565,0.0,0.0,,,,,
207,248,55716,0,0.004107756057393774,0.0013809716028551902,0.006599633023142815,0.0,0.0,,,,,
208,248,55966,0,0.003398973942114055,0.0011421805438951724,0.00671281386166811,0.0,0.0,,,,,
209,248,56216,0,0.0342804678494853,0.011522608147853105,0.21537573635578156,0.0,0.0,,,,,
210,248,56466,0,0.0036735577804759357,0.0012345089700184257,0.00586196081712842,0.0,0.0,,,,,
211,248,56716,0,0.08123424177775511,0.027335062026806203,0.6306028962135315,0.0,0.0,,,,,
212,248,56966,0,0.0038144660028267795,0.0012822757292768425,0.007547218818217516,0.0,0.0,,,,,
213,248,57216,0,0.1309433070040164,0.04413970977334576,0.357970654964447,0.0,0.0,,,,,
214,248,57466,0,0.0033746137281523755,0.0011345972303799148,0.006829681806266308,0.0,0.0,,,,,
215,534,58002,0,47.110656588835575,8.923954697190144,35.007476806640625,0.0,0.0,,,,,
216,238,58242,0,39.646277601144725,22.403975305748133,37.68605422973633,0.0,0.0,,,,,
217,722,58966,0,318.09812134553476,39.77508217590723,54.47163009643555,0.0,0.0,,,,,
218,54,59022,0,1.4185129235389817,2.3593057897653327,6.2690887451171875,0.0,0.0,,,,,
219,49,59073,0,1.4775737257235217,2.715756938232071,6.230199813842773,0.0,0.0,,,,,
220,107,59182,0,9.38442413993436,7.541182787109723,14.993019104003906,0.0,0.0,,,,,
221,248,59432,0,0.1762981450628695,0.05939006484667545,0.2931097447872162,0.0,0.0,,,,,
222,248,59682,0,0.175392647132744,0.05912290032363437,0.2859496474266052,0.0,0.0,,,,,
223,248,59932,0,0.1739851640197782,0.058662697158363315,0.2720908522605896,0.0,0.0,,,,,
224,248,60182,0,0.17447095063973722,0.05881372738475611,0.27340108156204224,0.0,0.0,,,,,
225,248,60432,0,0.17464457874544465,0.05885465381077431,0.2758273184299469,0.0,0.0,,,,,
226,248,60682,0,0.17828169532940272,0.06008204270995433,0.3462628126144409,0.0,0.0,,,,,
227,248,60932,0,0.12874514402899923,0.043332111966822504,0.33997270464897156,0.0,0.0,,,,,
228,248,61182,0,0.06768084465059956,0.02275574588730383,0.3621574342250824,0.0,0.0,,,,,
229,248,61432,0,0.03901354754239131,0.013114792319562009,0.35009437799453735,0.0,0.0,,,,,
230,248,61682,0,0.03230903721327548,0.01086049451523943,0.3518335819244385,0.0,0.0,,,,,
231,248,61932,0,0.05323595072798229,0.017898657707724676,0.26324155926704407,0.0,0.0,,,,,
232,143,62077,0,13.19549485078737,8.274666765835006,17.243637084960938,0.0,0.0,,,,,
233,118,62197,0,14.617108014296155,10.712403163639435,18.84816551208496,0.0,0.0,,,,,
234,357,62556,0,0.7392617970920189,0.17384648976093603,1.8509435653686523,0.0,0.0,,,,,
235,529,63087,0,1.716389747054497,0.2876368418009473,4.62300968170166,0.0,0.0,,,,,
236,531,63620,0,1.898926350980013,0.3317139265959488,5.410961627960205,0.0,0.0,,,,,
237,274,63896,0,1.1084824270962723,0.3440051027420691,1.4710619449615479,0.0,0.0,,,,,
238,139,64037,0,2.3416589915103736,1.5525400642977303,5.045180320739746,0.0,0.0,,,,,
239,100,64139,0,9.040605851168836,8.125786962311249,12.338244438171387,0.0,0.0,,,,,
240,745,64886,0,256.9381392709346,32.32284016053086,48.90840148925781,0.0,0.0,,,,,
241,224,65112,0,35.73392580619378,16.296890337835066,27.58246612548828,0.0,0.0,,,,,
242,738,65852,0,232.55374574654144,28.789404186010955,46.09870147705078,0.0,0.0,,,,,
243,625,66479,0,259.61567495431376,36.4882674142126,51.29863357543945,0.0,0.0,,,,,
244,1542,68023,0,740.864391685289,42.47178958941635,63.895057678222656,0.0,0.0,,,,,
245,248,68273,0,0.005155396177300452,0.0017326210013526443,0.006735704839229584,0.0,0.0,,,,,
246,433,68708,0,1.4671601837886625,0.2827736893749428,3.050764322280884,0.0,0.0,,,,,
247,248,68958,0,0.006634793395552314,0.0022309095307836316,0.005424660164862871,0.0,0.0,,,,,
248,248,69208,0,0.007187974890859067,0.0024155535103941913,0.005803343374282122,0.0,0.0,,,,,
249,248,69458,0,0.005894809181141764,0.001981894343008471,0.005427461117506027,0.0,0.0,,,,,
250,248,69708,0,0.006240439625330629,0.002098558096599112,0.005676650907844305,0.0,0.0,,,,,
251,248,69958,0,0.005738954451073099,0.0019293201435468818,0.0059841168113052845,0.0,0.0,,,,,
252,248,70208,0,0.005657828722764018,0.0019022693595029377,0.005250237416476011,0.0,0.0,,,,,
253,248,70458,0,0.005507991792661196,0.0018523577633870094,0.005390221253037453,0.0,0.0,,,,,
254,248,70708,0,0.006048757011793344,0.002033996245905479,0.006260281894356012,0.0,0.0,,,,,
255,248,70958,0,0.005682155945979405,0.001911041261454586,0.00497068278491497,0.0,0.0,,,,,
256,248,71208,0,0.005759246088764302,0.0019372247562357862,0.0055757369846105576,0.0,0.0,,,,,
257,248,71458,0,0.005907418422280493,0.001986666402092763,0.006340952590107918,0.0,0.0,,,,,
258,248,71708,0,0.005880239024391716,0.0019772603734289134,0.005111073609441519,0.0,0.0,,,,,
259,248,71958,0,0.006154163944271973,0.002068383789411464,0.006331840064376593,0.0,0.0,,,,,
260,248,72208,0,0.006109080462832187,0.0020533905227209963,0.006884984206408262,0.0,0.0,,,,,
261,248,72458,0,0.006446784363053525,0.0021668823669789426,0.005004312377423048,0.0,0.0,,,,,
262,248,72708,0,0.005362077859304594,0.001802219649635522,0.005532941780984402,0.0,0.0,,,,,
263,248,72958,0,0.00403513174907378,0.001356222887059102,0.005410349927842617,0.0,0.0,,,,,
264,248,73208,0,0.005926028799936221,0.001992546281907116,0.006598299369215965,0.0,0.0,,,,,
265,248,73458,0,0.0060547026290852495,0.002035505258185543,0.007155933417379856,0.0,0.0,,,,,
266,248,73708,0,0.0065574491489743675,0.00220345368465895,0.006982029881328344,0.0,0.0,,,,,
267,248,73958,0,0.005821560336141958,0.0019569548049114547,0.006130551919341087,0.0,0.0,,,,,
268,248,74208,0,0.006142380217386812,0.002065157455358384,0.007114141248166561,0.0,0.0,,,,,
269,248,74458,0,0.006237525070394481,0.0020967707217008163,0.00648515997454524,0.0,0.0,,,,,
270,248,74708,0,0.006082023533249659,0.002044344980042238,0.0066790166310966015,0.0,0.0,,,,,
271,248,74958,0,0.006122878886890575,0.0020589217212780625,0.0062779271975159645,0.0,0.0,,,,,
272,248,75208,0,0.006181572592544437,0.0020781790555643494,0.007850195281207561,0.0,0.0,,,,,
273,248,75458,0,0.00609425534505967,0.0020484109181779786,0.005790186580270529,0.0,0.0,,,,,
274,248,75708,0,0.006063408898981845,0.0020380670118738046,0.006223744712769985,0.0,0.0,,,,,
275,248,75958,0,0.006192246089386248,0.0020816185660219016,0.0054568517953157425,0.0,0.0,,,,,
276,248,76208,0,0.00610809080077597,0.0020529318736085007,0.0056355856359004974,0.0,0.0,,,,,
277,248,76458,0,0.006676187516985272,0.0022439462809416,0.006366571877151728,0.0,0.0,,,,,
278,248,76708,0,0.0065561720285790565,0.0022034095143152947,0.005711761303246021,0.0,0.0,,,,,
279,248,76958,0,0.0069022238278816095,0.0023203723912810083,0.006397940218448639,0.0,0.0,,,,,
280,248,77208,0,0.0062714304421278965,0.0021097868324314703,0.0063011921010911465,0.0,0.0,,,,,
281,248,77458,0,0.006461664227710026,0.002172670044244789,0.00560132646933198,0.0,0.0,,,,,
282,248,77708,0,0.0063191586502541475,0.0021244065288380126,0.006785941310226917,0.0,0.0,,,,,
283,248,77958,0,0.006473402188753642,0.002176930882224922,0.00648200698196888,0.0,0.0,,,,,
284,248,78208,0,0.006487998489951841,0.0021823161850108826,0.006314797326922417,0.0,0.0,,,,,
285,248,78458,0,0.006892529593747953,0.0023189305818138357,0.006705053150653839,0.0,0.0,,,,,
286,248,78708,0,0.006161514292648341,0.0020731512959173415,0.006733103189617395,0.0,0.0,,,,,
287,248,78958,0,0.006439542952665745,0.0021669108315226396,0.0064338864758610725,0.0,0.0,,,,,
288,248,79208,0,0.006299546930052181,0.0021186668725990346,0.006675762124359608,0.0,0.0,,,,,
289,248,79458,0,0.006731290493023425,0.0022637943660693935,0.007034489884972572,0.0,0.0,,,,,
290,479,79939,0,1.7914653672253613,0.3174199866364903,2.5806100368499756,0.0,0.0,,,,,
291,248,80189,0,0.006449409395828571,0.002168018202639594,0.0067526716738939285,0.0,0.0,,,,,
292,248,80439,0,0.006955963647293303,0.002337452415128111,0.0066858758218586445,0.0,0.0,,,,,
293,248,80689,0,0.006536302752066856,0.002197328885226706,0.006796388886868954,0.0,0.0,,,,,
294,248,80939,0,0.006090552796683463,0.0020481447154452326,0.005745824426412582,0.0,0.0,,,,,
295,248,81189,0,0.0064787445487656855,0.0021779132212912137,0.005625152960419655,0.0,0.0,,,,,
296,248,81439,0,0.006122581629812451,0.0020582338129022373,0.0072379885241389275,0.0,0.0,,,,,
297,248,81689,0,0.005830322446556261,0.0019605038208781833,0.00564930634573102,0.0,0.0,,,,,
298,248,81939,0,0.006101001066961358,0.0020517125446032525,0.006511160172522068,0.0,0.0,,,,,
299,248,82189,0,0.005971075160036898,0.002008136885999721,0.005929156206548214,0.0,0.0,,,,,
300,248,82439,0,0.0064875163864242125,0.002182097482135202,0.0060546970926225185,0.0,0.0,,,,,
301,248,82689,0,0.0059032493538691555,0.0019857392558884795,0.006049281917512417,0.0,0.0,,,,,
302,248,82939,0,0.006102476593157921,0.002052166368787678,0.006172637455165386,0.0,0.0,,,,,
303,248,83189,0,0.006543234814746979,0.0021992055918974894,0.008001714013516903,0.0,0.0,,,,,
304,248,83439,0,0.006444305733021566,0.0021663406574413285,0.006505614146590233,0.0,0.0,,,,,
305,248,83689,0,0.006482661945379723,0.0021785704844484327,0.0059541077353060246,0.0,0.0,,,,,
306,248,83939,0,0.006647243490295586,0.0022337981754390057,0.008218240924179554,0.0,0.0,,,,,
307,248,84189,0,0.006586144456819069,0.002213579460541012,0.008443713188171387,0.0,0.0,,,,,
308,248,84439,0,0.006509630452234826,0.002187714090635587,0.006476762238889933,0.0,0.0,,,,,
309,248,84689,0,0.006653772525046491,0.0022368938473171568,0.008084210567176342,0.0,0.0,,,,,
310,248,84939,0,0.006901653662227765,0.002319402997830278,0.006289985030889511,0.0,0.0,,,,,
311,248,85189,0,0.00673304936930753,0.002263510463073485,0.00783070083707571,0.0,0.0,,,,,
312,248,85439,0,0.00648370631489688,0.0021798975343582214,0.008062021806836128,0.0,0.0,,,,,
313,248,85689,0,0.0066180028011385275,0.0022245598283623094,0.006930592004209757,0.0,0.0,,,,,
314,166,85857,0,3.4546060969042527,1.8707880962482957,5.147640705108643,0.0,0.0,,,,,
315,248,86107,0,0.006520192157408049,0.0021918876601933245,0.00689720967784524,0.0,0.0,,,,,
316,63,86172,0,2.305934760563511,3.2995510093557336,9.762008666992188,0.0,0.0,,,,,
317,72,86246,0,4.831185229922898,5.971288819409286,11.393339157104492,0.0,0.0,,,,,
318,201,86449,0,38.62123567920321,17.000854364863308,30.181400299072266,0.0,0.0,,,,,
319,75,86526,0,2.8907897712063124,4.770187027052355,11.406571388244629,0.0,0.0,,,,,
320,281,86809,0,0.6547432332315789,0.28967322084453667,5.2511701583862305,0.0,0.0,,,,,
321,80,86891,0,2.8410661961194044,4.390472546969249,11.322555541992188,0.0,0.0,,,,,
322,74,86967,0,2.9075246607462293,4.893189752559379,10.655120849609375,0.0,0.0,,,,,
323,61,87030,0,1.9876442303224895,2.9388718966864142,5.741206169128418,0.0,0.0,,,,,
324,54,87086,0,2.2298338853002178,3.7257121123666703,7.986942768096924,0.0,0.0,,,,,
325,80,87168,0,4.850338196777528,6.928467193135293,16.673633575439453,0.0,0.0,,,,,
326,94,87264,0,4.8260141360058135,5.615151216402313,14.438188552856445,0.0,0.0,,,,,
327,854,88120,0,305.96653538469405,32.57088016555999,48.55162048339844,0.0,0.0,,,,,
328,159,88281,0,17.729225846563583,10.705988552500406,23.122821807861328,0.0,0.0,,,,,
329,642,88925,0,206.15519564458592,29.609441511164167,43.9816780090332,0.0,0.0,,,,,
330,2224,91151,0,1046.5506535381337,42.73060019739477,65.26029205322266,0.0,0.0,,,,,
331,1070,92223,0,283.41945407235005,24.499746620264936,50.73655700683594,0.0,0.0,,,,,
332,302,92527,0,0.8312157589451799,0.2309402337717779,4.232330322265625,0.0,0.0,,,,,
333,294,92823,0,59.523987674664994,18.96934969623282,29.19512367248535,0.0,0.0,,,,,
334,1244,94069,0,510.446206891957,37.52271119176996,52.83237838745117,0.0,0.0,,,,,
335,1396,95467,0,708.5783649871896,44.916178745916824,63.7650260925293,0.0,0.0,,,,,
336,178,95647,0,7.614923370748846,4.037387676208392,11.813694953918457,0.0,0.0,,,,,
337,229,95878,0,28.521290708666612,12.154212439623885,23.113067626953125,0.0,0.0,,,,,
338,248,96128,0,0.005008872721947104,0.0016905974652834102,0.0071980333887040615,0.0,0.0,,,,,
339,248,96378,0,0.004264825382537309,0.001433128532029983,0.005457775667309761,0.0,0.0,,,,,
340,248,96628,0,0.0034016702502308645,0.0011436620005981476,0.005190118215978146,0.0,0.0,,,,,
341,248,96878,0,0.003969959916736749,0.001335133887492233,0.005407635122537613,0.0,0.0,,,,,
342,248,97128,0,0.005951831563783388,0.0020012197836612976,0.005078406073153019,0.0,0.0,,,,,
343,504,97634,0,172.45822059744933,30.74700008475084,44.70016860961914,0.0,0.0,,,,,
344,413,98049,0,109.88662645223718,24.473820893882635,43.07268142700195,0.0,0.0,,,,,
345,1231,99282,0,538.9836262726187,39.837296884635556,64.7112045288086,0.0,0.0,,,,,
346,468,99752,0,202.5574729375531,38.857155186743036,60.314971923828125,0.0,0.0,,,,,
347,1032,100786,0,510.53766073112564,43.524857134090006,62.28786849975586,0.0,0.0,,,,,
348,284,101072,0,36.00918143030859,12.540805235521091,27.4776668548584,0.0,0.0,,,,,
349,150,101224,0,23.06523461317192,14.295960654138277,23.275741577148438,0.0,0.0,,,,,
350,744,101970,0,328.30519232391134,39.126258525608094,56.94157409667969,0.0,0.0,,,,,
351,1012,102984,0,451.5805024985118,40.687772675653875,64.8232650756836,0.0,0.0,,,,,
352,1647,104633,0,791.0857899256036,43.36114502716469,62.9189338684082,0.0,0.0,,,,,
353,855,105490,0,345.33988153367375,36.89001606684042,60.205299377441406,0.0,0.0,,,,,
354,1058,106550,0,498.9805364370483,42.34959770537101,67.35054016113281,0.0,0.0,,,,,
355,1462,108014,0,747.4941958755279,45.7481179225858,63.41791534423828,0.0,0.0,,,,,
356,83,108099,0,7.2773569165771255,9.077906606345808,19.073875427246094,0.0,0.0,,,,,
357,762,108863,0,345.28379120369834,40.46741830349825,64.00453186035156,0.0,0.0,,,,,
358,1075,109940,0,506.18413671532073,42.23110506509344,67.01268768310547,0.0,0.0,,,,,
359,1059,111001,0,541.5109828610542,45.904697263229906,65.17950439453125,0.0,0.0,,,,,
360,515,111518,0,215.30928256166496,37.149482782111384,56.28574752807617,0.0,0.0,,,,,
361,747,112267,0,337.84169093545756,40.36431882728996,66.00016021728516,0.0,0.0,,,,,
362,1059,113328,0,513.8708207736347,42.97923225855804,67.2778091430664,0.0,0.0,,,,,
363,705,114035,0,337.4805868526722,43.60790883417502,67.25807189941406,0.0,0.0,,,,,
364,937,114974,0,429.84340453835557,40.854140894939746,67.06155395507812,0.0,0.0,,,,,
365,248,115224,0,0.004225653588251448,0.0014209858617534573,0.004837010055780411,0.0,0.0,,,,,
366,601,115827,0,320.5721619685377,46.76081403205345,67.6158676147461,0.0,0.0,,,,,
367,1063,116892,0,512.3065118593458,42.28623335355131,64.6394271850586,0.0,0.0,,,,,
368,2063,118957,0,1111.05303213343,48.101690666227306,67.13250732421875,0.0,0.0,,,,,
369,1052,120011,0,514.8345514203261,43.10010216068813,64.62091064453125,0.0,0.0,,,,,
370,1413,121426,0,776.7917980532031,48.4410822189941,67.46931457519531,0.0,0.0,,,,,
371,683,122111,0,336.25434357293017,43.89304669392104,66.06149291992188,0.0,0.0,,,,,
372,2549,124662,0,1298.498553097063,45.04325978428899,66.88322448730469,0.0,0.0,,,,,
373,636,125300,0,325.31172682318686,45.26931949920657,65.20963287353516,0.0,0.0,,,,,
374,1071,126373,0,520.4361512863236,42.88930869355331,65.68659210205078,0.0,0.0,,,,,
375,2079,128454,0,1109.083748770092,46.98480389191063,67.53636932373047,0.0,0.0,,,,,
376,2436,130892,0,1297.077674893575,46.69136161872374,67.07878875732422,0.0,0.0,,,,,
377,679,131573,0,337.5901450055103,44.35204283064245,66.08796691894531,0.0,0.0,,,,,
378,2515,134090,0,1309.8796542258235,45.78229344129307,69.25370788574219,0.0,0.0,,,,,
379,605,134697,0,318.14880915347635,47.165453602338964,65.22648620605469,0.0,0.0,,,,,
380,3048,137747,0,1638.6443787356343,47.18691340129895,67.20332336425781,0.0,0.0,,,,,
381,1176,138925,0,583.3742779417871,43.201115892595396,66.53973388671875,0.0,0.0,,,,,
382,1962,140889,0,1052.5805933886102,46.752401613413426,67.35636901855469,0.0,0.0,,,,,
383,2405,143296,0,1314.2693855451853,47.64628328556469,67.09056854248047,0.0,0.0,,,,,
384,611,143909,0,322.7765815757686,46.30829583104005,68.08759307861328,0.0,0.0,,,,,
385,3079,146990,0,1663.404021567188,47.205525077506024,67.62258911132812,0.0,0.0,125.103,,,,
386,3011,150003,0,1642.5974351893838,47.64942177149075,67.0586166381836,0.0,125.103,,,,,
387,6147,156152,0,3282.4996561456423,46.820057148647614,68.5916519165039,368.459,125.103,368.459,,,,
388,3003,159157,0,1641.293864686274,47.64537559765735,67.17435455322266,368.459,368.459,,,,,
389,15001,174160,0,8278.400117326793,48.139969776253615,67.93775177001953,118.446,368.459,363.665,119.023,118.446,118.854,
390,2,174164,0,0.02720640006670383,13.80179214477539,13.94786262512207,118.446,118.854,,,,,
391,2334,176500,0,1269.2406855649144,47.54986493585457,68.048095703125,118.446,118.854,,,,,
392,695,177197,0,352.67733800627013,43.996354283641004,67.7030258178711,118.446,118.854,,,,,
393,1149,178348,0,559.7649936180933,42.789704766713754,64.9633560180664,118.446,118.854,,,,,
394,1994,180344,0,1088.4555767925042,47.30575600506375,68.21661376953125,118.446,118.854,,,,,
395,15001,195347,0,8429.696398542408,48.69491418584741,69.32975769042969,116.992,118.854,497.398,116.992,117.257,117.624,
396,15001,210350,0,8495.175934430503,49.00687647261566,70.46857452392578,116.522,117.624,238.4,116.67,117.207,116.522,
397,15001,225353,0,8478.347188586371,48.92930894275958,70.65166473388672,116.07,116.522,240.181,117.015,117.49,116.07,
398,15001,240356,0,8542.371265022695,49.17762248567463,71.43965148925781,116.07,116.07,238.045,117.528,117.018,116.176,
399,15001,255359,0,8537.072966870215,49.182890258076334,72.09658813476562,115.757,116.176,238.335,115.933,116.268,115.757,
400,3479,258840,0,1946.3662305155294,48.53550028931159,71.80252838134766,115.757,115.757,241.014,,,,
401,2427,261269,0,1244.2923087763888,45.08322591489749,68.54899597167969,115.757,241.014,,,,,
402,1880,263151,0,973.1947361632101,44.89450424729588,69.47834777832031,115.757,241.014,,,,,
403,15001,278154,0,8598.390487376884,49.29704765284085,71.25517272949219,115.757,241.014,366.065,116.733,116.176,116.312,
404,248,278404,0,0.007794105204748422,0.0026201427654966884,0.006640748120844364,115.757,116.312,,,,,
405,1530,279936,0,823.9651152826232,46.37472633816955,71.71894073486328,115.757,116.312,,,,,
406,1662,281600,0,852.5207922300085,44.36093475672564,68.5083236694336,115.757,116.312,,,,,
407,15001,296603,0,8633.637186988704,49.46737979264891,71.78153991699219,114.69,379.429,115.502,115.112,114.69,116.312,
408,8292,304897,0,4740.049846714527,49.28052954358492,71.6312484741211,114.69,114.69,236.574,114.934,,,
409,15001,319900,0,8702.377216532346,49.86553990512311,72.0269546508789,114.69,114.934,235.31,114.86,114.869,115.455,
410,15001,334903,0,8739.906338924413,50.00905589394139,72.23784637451172,114.69,115.455,234.193,115.498,115.394,114.721,115.007
411,303,335208,0,1.7493759665988666,0.5013839117325873,5.35848331451416,114.69,115.007,,,,,
412,15001,350211,0,8465.668987634072,48.449586531265815,72.47261047363281,114.019,115.007,145.29,114.839,115.329,115.388,114.019
413,15001,365214,0,8740.268421455217,49.815763320281434,72.38247680664062,114.019,114.019,121.735,115.066,114.895,114.386,114.842
414,15001,380217,0,8673.271183470146,49.57960080106882,72.07563781738281,114.019,114.842,235.848,114.655,114.683,114.1,
415,15001,395220,0,8772.35117369813,50.00384401897426,72.44405364990234,113.825,114.032,114.1,237.025,114.215,113.825,
416,3971,399193,0,2306.596630690574,49.83027176783746,72.99481201171875,113.825,114.032,235.694,,,,
417,12215,411410,0,7080.7083442724015,49.69796597192618,72.60691833496094,113.825,235.694,117.039,114.417,114.61,115.408,
418,15001,426413,0,8769.58343441368,49.898383147918636,72.89275360107422,113.825,115.408,234.406,114.143,113.911,115.017,
419,15001,441416,0,8766.189513089897,49.91936652408935,72.77718353271484,113.825,115.017,236.763,114.021,113.994,114.772,
420,15001,456419,0,8751.276123123087,49.79042138500489,73.11550903320312,113.825,114.772,236.404,114.909,114.084,115.627,114.328
421,11918,468339,0,6951.386760329496,49.84596414533773,72.79292297363281,113.825,114.328,123.549,114.902,113.911,114.166,
422,2868,471209,0,1679.7736867285828,50.134602194224215,72.55919647216797,113.825,114.166,116.488,,,,
423,15001,486212,0,8771.664596564742,49.933566807390115,72.80450439453125,113.638,116.488,116.519,114.078,117.288,113.638,114.337
424,11203,497417,0,6580.677218347539,50.153884427136276,72.85639953613281,113.634,114.337,231.895,114.351,113.634,,
425,373,497792,0,118.48696550438846,29.97205723058395,44.01848602294922,113.634,113.634,,,,,
426,15001,512795,0,8759.03745979415,49.83731254526865,72.90403747558594,113.634,127.133,113.933,114.838,113.946,113.818,113.634
427,15001,527798,0,8803.910204510385,50.054856517106735,72.4835205078125,113.634,113.818,235.292,114.199,114.558,114.137,
428,3912,531712,0,2280.961761847197,49.844313885588605,72.85293579101562,113.634,114.137,235.479,,,,
429,2851,534565,0,1686.8677596388961,50.3927429611742,72.61466979980469,113.634,235.479,116.568,,,,
430,2886,537453,0,1689.5737945978653,49.90556044587534,72.87171173095703,113.634,116.568,116.243,,,,
431,15001,552456,0,8860.227103418285,50.2587207399418,73.04122161865234,113.509,116.243,116.557,113.599,113.509,113.518,113.585
432,51,552509,0,1.7298465338962634,2.9948355231488892,8.697490692138672,113.509,113.585,,,,,
433,50,552561,0,1.5352965273544714,2.73248360874597,8.101082801818848,113.509,113.585,,,,,
434,54,552617,0,2.029590978320852,3.3869131534765646,9.744311332702637,113.509,113.585,,,,,
435,15001,567620,0,8868.146420426021,50.361231561579494,72.71874237060547,113.509,113.585,241.536,114.178,113.815,113.874,
436,15001,582623,0,8872.186182380787,50.33023201566386,73.06768035888672,113.501,113.874,232.65,113.831,113.924,113.501,
437,13530,596155,0,7919.371603533267,49.86599557849053,72.7936782836914,113.501,113.501,235.568,113.924,114.095,113.776,
438,15001,611158,0,8878.453336293978,50.310370506996485,72.74441528320312,113.477,113.477,113.776,234.446,113.663,113.983,
439,15001,626161,0,8894.154658470376,50.488824941794036,73.14878845214844,113.477,113.477,232.081,113.828,113.677,113.477,113.61
440,15001,641164,0,8868.120752403573,50.33315717904081,73.27076721191406,113.477,113.61,117.494,113.546,113.511,113.787,113.611
441,15001,656167,0,8883.910249058374,50.368548992100116,73.17802429199219,113.442,113.611,231.472,114.283,113.671,113.442,
442,9764,665933,0,5838.411401893885,50.90697804668866,73.27201080322266,113.442,113.844,113.652,113.442,231.785,,
443,248,666183,0,0.002735201049098327,0.0009198890011101603,0.004984097555279732,113.442,113.652,,,,,
444,1361,667546,0,624.8425105793985,39.73684897070613,68.89801788330078,113.442,113.652,,,,,
445,15001,682549,0,8882.52354201808,50.38447912784399,73.14240264892578,113.334,113.652,250.753,113.334,113.719,113.734,
446,15001,697552,0,8908.74043260514,50.45280001238341,73.64158630371094,113.113,113.734,235.027,113.113,113.306,113.425,113.527
447,15001,712555,0,8791.160572923347,49.902138591982244,73.06755828857422,113.113,113.527,121.776,113.408,114.338,113.475,113.67
448,15001,727558,0,8783.144753426906,49.86145281303758,73.14002227783203,113.113,121.967,113.304,113.57,114.163,113.414,113.67
449,15001,742561,0,8864.016458952907,50.35857001958009,73.43544006347656,113.113,113.414,232.545,113.67,114.201,113.593,
450,15001,757564,0,8855.568896693401,50.27159482599391,72.98149871826172,113.113,113.593,235.279,113.657,113.884,113.225,
451,15001,772567,0,8784.527534665296,49.88387300853749,73.132568359375,113.113,113.34,123.012,113.651,113.758,113.262,113.264
452,15001,787570,0,8839.548145603148,50.120505763294545,73.32135772705078,113.081,113.264,121.701,113.719,113.081,114.082,113.333
453,15001,802573,0,8876.499761445659,50.276372548109656,73.36911010742188,113.081,113.333,232.9,113.401,114.044,114.051,
454,9808,812383,0,5844.319757671141,50.66317196022353,73.12792205810547,113.081,114.051,232.798,113.262,114.084,,
455,2859,815244,0,1688.0397943319576,50.186845307572945,73.10071563720703,113.081,114.084,116.527,,,,
456,15001,830247,0,8871.495174570926,50.269629271581806,73.42713165283203,112.872,117.356,114.217,113.158,113.225,112.872,116.527
457,9388,839637,0,5534.76274334363,50.29970876579435,73.2895736694336,112.872,112.872,231.475,113.099,,,
458,15001,854640,0,8912.415493746154,50.49908476032526,73.16426086425781,112.872,113.099,232.706,113.375,113.538,113.692,
459,767,855409,0,177.85941914782313,23.511161951301986,54.86545944213867,112.872,113.692,,,,,
460,15001,870412,0,8784.567730706867,49.95823376786898,73.33650970458984,112.872,113.692,255.205,113.0,114.24,113.489,114.105
461,248,870662,0,0.039177778438278084,0.013165577864950342,0.23397564888000488,112.872,114.105,,,,,
462,15001,885665,0,8769.240387407783,49.725478589544004,73.40082550048828,112.872,114.105,135.243,113.291,113.375,113.227,113.18
463,15001,900668,0,8839.27177164743,50.24251204404311,73.0924072265625,112.872,113.18,233.246,113.142,113.057,114.699,
464,15001,915671,0,8905.584707756569,50.49069757116562,73.36727905273438,112.872,114.699,235.178,113.686,113.234,113.438,113.502
465,6757,922430,0,3921.772397303632,49.581552103445006,73.3890609741211,112.872,113.502,121.59,113.679,,,
466,15001,937433,0,8838.542078209917,50.17356988446007,73.6145248413086,112.872,232.137,113.543,113.097,113.174,113.679,
467,15001,952436,0,8887.221213265413,50.4779240614808,73.37055969238281,112.872,113.174,234.435,113.436,113.526,112.976,
468,15001,967439,0,8912.34821777977,50.60337812717718,73.49878692626953,112.872,112.976,231.851,113.411,112.997,113.038,113.869
469,15001,982442,0,8888.104692755885,50.446251777011646,73.48017120361328,112.872,113.869,116.763,113.314,113.365,113.167,113.257
470,15001,997445,0,8905.930966953678,50.48740300766128,73.47999572753906,112.872,113.257,231.044,113.826,112.931,112.939,
471,15001,1012448,0,8921.22200903952,50.54543080436063,73.38760375976562,112.872,112.939,232.916,113.339,113.191,113.621,
