step,episode,buffer_size,total_time,total_steps,ep_reward,ep_steps,ep_count,packages_lost,speed_mean,speed_max,BestLap,LapNo_0,update_model_perf_mean,update_model_perf_max,update_model_perf_std,step_perf_mean,step_perf_max,step_perf_std,step_perf_q99,step_perf_> thres,action_perf_mean,action_perf_max,action_perf_std,policy_loss,entropy_loss,alpha,entropy,LapNo_1,LapNo_2,LapNo_3,LapNo_4,LapNo_5
120,1,120,6.513201951980591,123,3.22560503513301,121,1,0,3.170006390196783,9.502074241638184,0.0,0.0,7.658333331346985e-07,4.199999999343618e-06,4.5138598282229583e-07,0.04004480916666653,0.0427388999999998,0.00074462393338234,0.04184719500000117,9,7.625499999998434e-05,0.0006194999999991069,5.252048624102125e-05,,,,,,,,,
512,2,512,23.626787662506104,518,6.607826830818494,393,2,0,1.7234059488968083,5.161775588989258,0.0,0.0,6.948979591475781e-07,4.300000000512227e-06,3.6298716712063363e-07,0.0400334701530612,0.043028800000001866,0.0007175284847875053,0.041422133000003705,31,5.823698979594651e-05,9.500000000173259e-05,6.495837294946075e-06,,,,,,,,,
892,3,892,40.29326391220093,901,3.808402062203857,381,3,0,1.1772525236658322,11.198820114135742,0.0,0.0,8.442105264207026e-07,2.1000000032245225e-06,3.088913244530576e-07,0.04004270921052625,0.04166270000000338,0.0004808967308928082,0.041207171000000715,11,6.562947368424426e-05,0.0001565999999968426,1.3878154918042922e-05,,,,,,,,,
1608,4,1608,70.38975214958191,1620,5.344397643994809,717,4,0,0.6827444340083053,5.244223594665527,0.0,0.0,8.571229048030125e-07,3.0999999864889105e-06,3.293248406612039e-07,0.04001881452514002,0.042453300000005356,0.0004987475228777279,0.04108527499999255,11,6.50747206704707e-05,0.0001749000000046408,1.1359771250132578e-05,,,,,,,,,
1969,5,1969,86.27769041061401,1984,7.544141846224017,362,5,0,2.132540682162054,10.445548057556152,0.0,0.0,8.878116344300712e-07,3.2000000089738023e-06,4.300562717244345e-07,0.04001619667590028,0.04257069999999885,0.0008430852297950424,0.04208776000000114,44,6.939556786652414e-05,0.00013260000000059335,1.4072047783792577e-05,,,,,,,,,
2609,6,2609,113.32601857185364,2627,310.6434014363406,641,6,0,42.26364004918608,66.0495376586914,0.0,0.0,0.010155610312500275,0.18570660000000316,0.007520039792578098,0.04001093921875023,0.44814610000000243,0.01665472654686149,0.04162887700000255,52,0.0029885471875002122,0.2605064999999911,0.01022013856298182,,,,,,,,,
2896,7,2896,126.23354721069336,2917,63.82602993723225,288,7,0,21.930512138992224,32.73834991455078,0.0,0.0,0.010699534146341175,0.020961499999998523,0.002172668631711819,0.04001836898954778,0.043036400000005415,0.0006588174790571502,0.04160728600002187,24,0.0026840512195124224,0.0040246000000081494,0.0005202090486281819,,,,,,,,,
3058,8,3058,134.1507625579834,3082,16.824628156589693,163,8,0,9.864213241603828,18.78850746154785,0.0,0.0,0.010310870370371159,0.019332499999990205,0.002008205314834636,0.040027475308641494,0.043304000000006226,0.000740623642037202,0.042285895000010766,10,0.0026547506172835745,0.004066599999987375,0.000436253254152931,,,,,,,,,
3504,9,3504,153.42543578147888,3531,11.651215272138767,447,9,0,2.437392957880468,10.471033096313477,0.0,0.0,0.009701127802690985,0.014894599999990987,0.0015107604615956548,0.04003755403587381,0.041979499999996506,0.0005850888262018491,0.04134330000000546,18,0.0026130885650224762,0.004016400000011799,0.0004717719169693023,,,,,,,,,
3691,10,3691,162.33697891235352,3721,10.856951622757839,188,10,0,5.23884097624637,19.073848724365234,0.0,0.0,0.009504214973261657,0.013967199999996183,0.001402906698194706,0.04001713529411649,0.04143499999997857,0.0005455369244813265,0.04133946599998808,8,0.002698389304814032,0.003935299999994868,0.0005074899258167876,,,,,,,,,
3762,11,3762,166.60940027236938,3795,5.193713521195933,72,11,0,6.509223692518491,14.913525581359863,0.0,0.0,0.009851677464786955,0.013659100000012359,0.0015254834690781832,0.04007241549296071,0.04188959999999042,0.0005685053887922528,0.041421720000013804,3,0.0025751267605647775,0.0043366999999818745,0.0005276107250335764,,,,,,,,,
3902,12,3902,173.6302797794342,3938,8.762368782917768,141,12,0,5.5784516749583215,9.033713340759277,0.0,0.0,0.010213573571428469,0.015078499999987116,0.002032725458681008,0.04004680857142822,0.04132729999997764,0.000551411543285503,0.04116389599998513,6,0.002596565714284996,0.0035800999999935357,0.00043145580402237046,,,,,,,,,
4047,13,4047,180.82277393341064,4086,13.072435222775896,146,13,0,9.243678421037247,15.732802391052246,0.0,0.0,0.009862146206896913,0.016036799999994855,0.001661908464179926,0.04001456551724036,0.04198279999999954,0.0005884454353604774,0.04135182800001303,7,0.002486917931034033,0.004128199999996696,0.000526123952179811,,,,,,,,,
4726,14,4726,209.44323754310608,4768,16.100375969319096,680,14,0,2.2260723921650105,11.346183776855469,0.0,0.0,0.009845639911635144,0.016118500000004587,0.0016845061252987836,0.040038781148747656,0.04202000000000794,0.0005829248781587525,0.04137898000000234,29,0.0025595833578800123,0.004110500000024331,0.0005182664169542101,,,,,,,,,
5753,15,5753,252.02558493614197,5798,349.14674085546113,1028,15,0,29.785637662819564,61.519142150878906,0.0,0.0,0.010305620837390464,0.018569700000000466,0.0020810341749108894,0.04002459191820843,0.04327779999999848,0.0005751243751880055,0.04137738400000274,33,0.0025600310613434255,0.005400099999974373,0.0005073181348332674,,,,,,,,,
5905,16,5905,259.53256273269653,5953,11.764927547175017,153,16,0,7.788762158050743,15.986310005187988,0.0,0.0,0.010972738815787489,0.01649600000001783,0.0018168613443568364,0.04000170921052758,0.04145060000001877,0.0005348057540104574,0.041105258000023924,5,0.0023589243421091354,0.0036413999999922453,0.0003705244228057027,,,,,,,,,
6336,17,6336,278.22589111328125,6387,111.5827815640556,432,17,0,24.54460405439561,43.35734176635742,0.0,0.0,0.01078726102088263,0.016571300000009614,0.0019146423183109451,0.040024590719256986,0.04204679999998007,0.000586651884987308,0.04114549999998758,16,0.0023866577726214806,0.004051699999990888,0.0004033195418439053,,,,,,,,,
7423,18,7423,323.2274146080017,7477,391.33793347830994,1088,18,0,32.482846733352,58.45722579956055,0.0,0.0,0.011048904139834614,0.018680400000050668,0.002011247273640577,0.04002209586016556,0.042028399999992416,0.0005755533143453937,0.04133408800001235,36,0.0025134671573135256,0.0051616999999737345,0.0005128911825074393,,,,,,,,,
8923,19,8923,384.78087854385376,8980,731.9208220003613,1501,19,0,44.417898565833795,63.271697998046875,0.0,0.0,0.010775148666665624,0.017300299999988056,0.0018166014662340433,0.04002689106666791,0.04425130000004174,0.000551999930508196,0.041236751000012645,40,0.0024835573333330105,0.0044323000000190405,0.00044773945811497207,,,,,,,,,
9694,20,9694,417.22865772247314,9754,333.936008819192,772,20,0,38.53193960335755,63.71142578125,0.0,0.0,0.011320439040206973,0.02050289999999677,0.002068809544217436,0.040025608300908844,0.041820099999995364,0.0005763253138872913,0.04131486000001701,36,0.002501996757458052,0.004649299999982759,0.000441811499121105,,,,,,,,,
11387,21,11387,486.49891996383667,11450,860.2745009301042,1694,21,0,45.33417268841242,65.4813003540039,0.0,0.0,0.010760717897224789,0.02027340000000777,0.0017557989259601395,0.04002473165977429,0.046596800000031635,0.0006022544498993067,0.04130699600000298,64,0.0025242538098044515,0.0050341000000457825,0.00044016514033473473,,,,,,,,,
12416,22,12416,529.1164062023163,12482,402.8280843831908,1030,22,0,36.25998703449037,64.75736999511719,0.0,0.0,0.010877522254616885,0.02006610000000819,0.0017811586155151845,0.04001401856170925,0.04213590000000522,0.0006380106562041244,0.04146222400001534,55,0.002508538775509717,0.00759890000000496,0.0005126986049309402,,,,,,,,,
12676,23,12676,540.9262335300446,12745,17.8386719360847,261,23,0,6.828469476962312,13.624741554260254,0.0,0.0,0.010909887307691143,0.019198500000015883,0.0018609679495752273,0.040027823076923576,0.04164200000002438,0.0005535350658853803,0.0411452469999665,7,0.0026035730769207862,0.00502649999998539,0.0005264109122974118,,,,,,,,,
13367,24,13367,570.06960272789,13439,330.0936920092917,692,24,0,42.59007703514505,60.22756576538086,0.0,0.0,0.010798074240229869,0.01879750000000513,0.0019321773352047162,0.04002340969609202,0.041927899999905094,0.0006116173182163266,0.0413471899999081,32,0.0025065162083943867,0.004542900000046757,0.0004434889055179622,,,,,,,,,
13811,25,13811,589.2893152236938,13886,128.40496108915585,445,25,0,26.294216292433628,40.97016525268555,0.0,0.0,0.010902334459459113,0.016889900000023772,0.0019207385384983268,0.04003511013513591,0.04217109999990498,0.0006016958245879542,0.04140531200005512,20,0.002493464639639809,0.004013100000065606,0.00043659697739015295,,,,,,,,,
15959,26,15959,676.8020853996277,16037,1089.3393507016744,2149,26,0,45.057526170269604,64.51249694824219,0.0,0.0,0.01077342183426414,0.018346700000051896,0.001932246171736174,0.040013566945996226,0.04303539999989425,0.0005124934682476694,0.04108067099995765,33,0.002432771182496061,0.004525900000089678,0.00046080710228269293,,,,,,,,,
16360,27,16360,694.2875175476074,16441,36.716274814023194,402,27,0,8.997433661004608,22.919187545776367,0.0,0.0,0.01072054987531445,0.018451799999979812,0.0017499494143475073,0.040013649376561135,0.04625889999999799,0.0006755033541369296,0.041290699999990466,10,0.0024929778054856365,0.004263799999989715,0.000519653456443042,-43.58516311645508,-1.1518454551696777,0.023086141794919968,-2.6943411827087402,,,,,
16411,28,16411,697.7577302455902,16495,2.23758959746495,52,28,0,3.984856008769174,7.492306232452393,0.0,0.0,0.010106976470589033,0.01245049999999992,0.001091937166477719,0.040087811764708166,0.041157500000053915,0.0005097909366294049,0.04110650000001215,2,0.002468950980403629,0.0033962999999630483,0.00046448847528808476,,,,,,,,,
16460,29,16460,701.1159944534302,16547,1.9998992288038921,50,29,0,3.616937323573511,7.109129905700684,0.0,0.0,0.010595469387755322,0.0147225000000617,0.00167416097221428,0.04002638163265425,0.04141380000010031,0.0006385168949847612,0.04134496800006673,4,0.002519712244901136,0.0038299999999935608,0.0006010965172943851,-45.217288970947266,-1.4560106992721558,0.022788286209106445,-2.6149489879608154,,,,,
16707,30,16707,712.4206376075745,16797,0.1754013093418677,248,30,0,0.0591452071923648,0.3135727047920227,0.0,0.0,0.010147032388659693,0.01622840000004544,0.0015193010549208587,0.04004164574898602,0.04464270000005399,0.0006082534758033858,0.04120947800004387,6,0.0024809910931166868,0.004126400000018293,0.0004058596303117835,,,,,,,,,
17045,31,17045,727.3889019489288,17138,4.64497019934333,339,31,0,1.3428244971485885,10.586329460144043,0.0,0.0,0.010296243195264142,0.01683330000003025,0.0015781919188927746,0.04003251272189648,0.04160779999995157,0.0005282441168348738,0.041163692000046694,7,0.0025034269230724215,0.004234600000017963,0.0004552039082259676,,,,,,,,,
17106,32,17106,731.2611339092255,17202,3.505774179384463,62,32,0,5.0505535811666515,9.780011177062988,0.0,0.0,0.010743195081975828,0.01405330000000049,0.0014779157201555968,0.04001174098359905,0.04145449999998618,0.000645448463333203,0.041424919999985835,5,0.0024469016393521116,0.003674100000012004,0.0005318831106866361,,,,,,,,,
17165,33,17165,735.0628905296326,17264,3.055368401728063,60,33,0,4.818251639546361,9.946253776550293,0.0,0.0,0.010418455932203946,0.013391200000000936,0.0014090212392396458,0.04001688813557933,0.041546000000039385,0.0005672814275078481,0.041234307999982324,2,0.002371266101687008,0.003822100000093087,0.00048084297258241406,,,,,,,,,
17457,34,17457,748.1735923290253,17559,1.2181547615707111,293,34,0,0.35941015382666053,4.764492034912109,0.0,0.0,0.010103642465754105,0.0184011000000055,0.0014567547220407455,0.04004983527397053,0.041613299999994524,0.0005860268398973056,0.041292913000014544,14,0.0024678462328784133,0.003910099999984595,0.0004081104508448818,,,,,,,,,
17747,35,17747,761.2292442321777,17852,0.9940988566161927,291,35,0,0.29063494186616373,4.039284706115723,0.0,0.0,0.010374485517240436,0.01835679999999229,0.001747767408615944,0.040045134137933314,0.041631100000017796,0.0005644332301448323,0.041272044000046436,12,0.002508362758617452,0.0038448000000244065,0.0003936731458794856,,,,,,,,,
18581,36,18581,796.0755159854889,18689,352.18086356793225,835,36,0,37.144070833214855,56.450157165527344,0.0,0.0,0.01094041366906508,0.01818419999995058,0.0017167514530131197,0.04002369424460326,0.04235299999993458,0.0006259930883287945,0.041413341999991644,48,0.002549613189447516,0.005587200000036319,0.0005260311481675479,,,,,,,,,
18754,37,18754,804.4159114360809,18865,13.51631653732219,174,37,0,7.66342030922165,16.313045501708984,0.0,0.0,0.01088982947976021,0.017704900000012458,0.0017935116965481868,0.04001433930635605,0.041464900000050875,0.000534489461296196,0.0412887080000155,5,0.002562257225429155,0.00427789999992001,0.0004706638923420712,,,,,,,,,
19001,38,19001,815.7466130256653,19115,0.015022884348517555,248,38,0,0.0050544201361434156,0.017699161544442177,0.0,0.0,0.010500957489875689,0.015418500000009772,0.001536625882919907,0.04007358097165616,0.04429260000006252,0.0005899592388329274,0.04139767600001733,12,0.002522443724698035,0.004810499999962303,0.00047408394586199195,,,,,,,,,
19248,39,19248,827.0700449943542,19365,0.017228603453273986,248,39,0,0.005793293588325351,0.018537236377596855,0.0,0.0,0.010782276518217821,0.021555500000090433,0.0018459779131232998,0.04000018137651203,0.041642499999966276,0.0005444975478121433,0.041174193999997895,8,0.0025401202429197597,0.004432100000030914,0.0005037754472892027,,,,,,,,,
19495,40,19495,838.3864452838898,19615,0.016549136373405306,248,40,0,0.005565197251393505,0.02513785846531391,0.0,0.0,0.010243775303643973,0.016367000000059306,0.0013809500673185573,0.04000208380566729,0.041872699999998986,0.0005585850740968924,0.04123605400000315,7,0.0025245372469639604,0.004048199999942881,0.0004066078631810512,,,,,,,,,
19790,41,19790,851.6462621688843,19913,1.0396522210958,296,41,0,0.3004899109222901,3.572706937789917,0.0,0.0,0.010136026779658528,0.014380599999981314,0.0013512432287972678,0.0400407396610166,0.04204390000006697,0.0005789763494064258,0.0414125959999069,11,0.0024346633898260934,0.003939800000011928,0.000402437009473621,-42.968650817871094,-0.29371440410614014,0.02019660547375679,-2.9247310161590576,,,,,
20122,42,20122,866.3634097576141,20248,85.90191207198762,333,42,0,24.4800709466724,36.883079528808594,0.0,0.0,0.010592951204815914,0.017125499999906424,0.0017247042972392448,0.04002260331325719,0.04180399999995643,0.0006314125398645136,0.04141981700003157,19,0.002377042168673649,0.0037293999999974403,0.00039684288175289504,,,,,,,,,
20901,43,20901,899.0071868896484,21030,356.33283200764913,780,43,0,40.200231609381255,58.84016418457031,0.0,0.0,0.010725901283693,0.01972369999998591,0.001847214034815395,0.0400158874197682,0.04181610000000546,0.00053065035658806,0.041274912000001225,20,0.00245762464698203,0.004380800000035379,0.0004872073877727812,,,,,,,,,
22695,44,22695,972.3092167377472,22827,814.9191195690473,1795,44,0,39.92580783121576,66.65731048583984,0.0,0.0,0.01081359938684262,0.018899900000064918,0.0018230639761905659,0.040027561594203044,0.04268430000001899,0.000588395017854643,0.041373042000022904,58,0.0025615224080269075,0.005123799999978473,0.0005216291468840258,,,,,,,,,
23984,45,23984,1025.3927249908447,24119,545.8286747073921,1290,45,0,37.7269755071876,61.856327056884766,0.0,0.0,0.011049739487976438,0.017377099999976053,0.0018395986997506299,0.040020740341348816,0.04237290000003213,0.0006063186458905878,0.04136880400014888,49,0.0025394104732329712,0.0053291000000399436,0.0005246903636233278,,,,,,,,,
24704,46,24704,1055.6815729141235,24842,315.42666961470013,721,46,0,39.24075133173472,67.09255981445312,0.0,0.0,0.010558578055562231,0.01713659999995798,0.0015916631878056843,0.04004322666666553,0.041607399999975314,0.000581219593145811,0.041242389000096864,32,0.002431464305552645,0.003985300000067582,0.00044356372558571245,,,,,,,,,
26133,47,26133,1114.3484015464783,26274,734.6669970088877,1430,47,0,46.548234914302164,67.15229797363281,0.0,0.0,0.011086583904826284,0.16543189999993047,0.004538054006403105,0.040026247865638964,0.17201920000002247,0.0038272386438316613,0.041381632000111496,70,0.0026416782365288128,0.0056552999999439635,0.0006242348932995597,,,,,,,,,
26913,48,26913,1147.0225965976715,27057,354.1501361880971,781,48,0,39.26123643046523,60.622886657714844,0.0,0.0,0.011362494615383557,0.01783979999981966,0.0017331816051400493,0.04002709423077325,0.0416322000000946,0.0005907631564603033,0.04139509400008592,28,0.0028318084615397638,0.004767799999854105,0.0006253872356061308,,,,,,,,,
27507,49,27507,1172.229529619217,27654,211.713836640255,595,49,0,31.865314938670352,50.919742584228516,0.0,0.0,0.01074092390572891,0.018600499999820386,0.0019481521483843188,0.04003144141414573,0.042333300000109375,0.00057741876418727,0.04127199399995789,22,0.0024632139730651377,0.004528700000037134,0.000537519552900749,,,,,,,,,
28041,50,28041,1195.043454170227,28191,235.91003650633968,535,50,0,41.20919764657857,63.16783142089844,0.0,0.0,0.010591913108616562,0.017098699999905875,0.0018752672972816155,0.04002164831460797,0.04175729999997202,0.0005541204709089,0.041084279000015156,13,0.002378507677901942,0.004063300000098025,0.0004278182809759327,,,,,,,,,
29462,51,29462,1253.4328203201294,29615,759.0849419228983,1422,51,0,46.88338001540639,67.69525909423828,0.0,0.0,0.010420124912039115,0.019498200000043653,0.0017784877803209205,0.04003000126671415,0.04182459999992716,0.0005552422245777923,0.041307520000054866,42,0.0024878399014764984,0.004941800000096919,0.0004854869585040371,,,,,,,,,
29786,52,29786,1267.8382244110107,29942,35.75787580699924,325,52,0,10.923211255597595,23.128211975097656,0.0,0.0,0.010619024691362219,0.017362600000069506,0.0017227953804011297,0.0400346722222122,0.041393400000060865,0.000572192358028864,0.04126612299987755,14,0.00250850123457041,0.004221500000085143,0.00048578888113998825,,,,,,,,,
30033,53,30033,1279.163459777832,30192,0.005264060818137815,248,53,0,0.0017705477794152102,0.005150469485670328,0.0,0.0,0.010699836842110452,0.016330399999787915,0.0017288744775402632,0.04002965141700755,0.04195469999990564,0.0005805102894765789,0.041238826000071636,10,0.0025250813765203724,0.004547900000034133,0.0004818789408797132,,,,,,,,,
30423,54,30423,1296.179625749588,30585,1.4896197893295196,391,54,0,0.3240599875147675,4.957180500030518,0.0,0.0,0.011353964102560008,0.017081400000051872,0.0019213670836683032,0.04002698461538272,0.04223020000017641,0.0005905310789463146,0.04129754499989076,12,0.002468572307692249,0.004335599999876649,0.00038134844494930857,,,,,,,,,
30670,55,30670,1307.51202917099,30835,0.23697919692601455,248,55,0,0.07993887582110361,0.44251298904418945,0.0,0.0,0.011287998380566933,0.015409800000043106,0.0017456615188443634,0.040031878137657066,0.041547099999888815,0.000630011625889849,0.041507590000087476,17,0.002608808906891015,0.00407460000019455,0.0004968136850504529,-44.45074462890625,-1.4040569067001343,0.01879841834306717,-2.646690845489502,,,,,
30917,56,30917,1318.8327541351318,31085,0.22867183935385132,248,56,0,0.07700752400259878,0.28621891140937805,0.0,0.0,0.011075157085022635,0.01695719999997891,0.001780424390298651,0.040009296356281455,0.04154689999995753,0.0005514197497649486,0.04104910599996401,5,0.002425200404868593,0.005210300000044299,0.00043117850953939467,,,,,,,,,
31164,57,31164,1330.1436369419098,31335,0.25565853161669105,248,57,0,0.08614444608176727,0.7575029134750366,0.0,0.0,0.011013640485818195,0.016124399999853267,0.0015538618045819054,0.04000450080970379,0.04161890000000312,0.0005210288983106331,0.04111502000006112,5,0.0025058587044581005,0.004387499999893407,0.0004129954371206966,,,,,,,,,
31458,58,31458,1343.3048026561737,31632,0.7509417449275032,295,58,0,0.21520909873326705,3.1610374450683594,0.0,0.0,0.011844872448977476,0.020483699999886085,0.002040292743941848,0.04000101870749296,0.04154079999989335,0.0005373698001644225,0.04105977899991558,5,0.0025782850340200186,0.004514599999993152,0.0005213920729297821,,,,,,,,,
31725,59,31725,1355.4103627204895,31902,0.2770306645855672,268,59,0,0.08646095957721708,1.0542974472045898,0.0,0.0,0.011280206367045163,0.017613800000162882,0.0018615965593423217,0.04004032434456744,0.041872600000033344,0.0005635033156831198,0.041435642000114965,8,0.0025767348314651695,0.005566899999848829,0.00048578373844517783,,,,,,,,,
31972,60,31972,1366.71937251091,32152,0.15279567072230094,248,60,0,0.05147720698451233,0.4811857044696808,0.0,0.0,0.011254190688267501,0.016171100000065053,0.0016973792676970674,0.040003161133601035,0.04370110000013483,0.0006958131182286594,0.04150359200011735,14,0.0026272032388761557,0.005128300000023955,0.0005319767409156892,,,,,,,,,
32219,61,32219,1378.0479345321655,32402,0.14229463105937137,248,61,0,0.04792140991259892,0.43954065442085266,0.0,0.0,0.011030219838050788,0.01816929999995409,0.0018907035589058188,0.0400160518218589,0.04137970000010682,0.0005480273823544614,0.04114486199997827,9,0.0026242493927181683,0.004230499999948734,0.00045049092455643055,,,,,,,,,
32723,62,32723,1399.6733829975128,32909,3.103879444218732,505,62,0,0.5380125989446746,3.27131724357605,0.0,0.0,0.01129276567460256,0.020038900000145077,0.001810134049877782,0.04003247837302058,0.042011900000034075,0.0005472629840545741,0.04112871900006666,14,0.002540916666671617,0.004953600000135339,0.00046811016946639284,,,,,,,,,
35201,63,35201,1500.4290189743042,35390,1216.3362224286116,2479,63,0,42.92587570190379,66.35289001464844,0.0,0.0,0.01088170104923577,0.024645400000053996,0.0017924006950282353,0.040017702219532686,0.042300899999872854,0.0005876900435432239,0.041333385000014,87,0.002483298224375393,0.010276199999907476,0.0005340792929418131,,,,,,,,,
35877,64,35877,1528.9422769546509,36069,390.6992230230216,677,64,0,50.03994091532429,72.79718780517578,0.0,0.0,0.011917517159765363,0.02878459999988081,0.0025363009584902342,0.04003252455621228,0.04194400000005771,0.0006279260391638102,0.041416074999858665,34,0.0028445859467462428,0.014259400000128153,0.0011336516185001572,,,,,,,,,
36118,65,36118,1540.0061268806458,36313,28.54979707440724,242,65,0,12.18268884534162,23.82610511779785,0.0,0.0,0.011839598340252432,0.022836999999981344,0.0024751886044232425,0.04000645601659828,0.04178120000005947,0.0006320054728012539,0.04143080000008013,16,0.0032916726141061134,0.011533300000110103,0.001251933689203872,,,,,,,,,
38800,66,38800,1648.9719123840332,38998,1220.554844508455,2683,66,0,40.127840788319155,67.0278091430664,0.0,0.0,0.011148513944814614,0.018833500000027925,0.0018830179991297302,0.04002626394481801,0.04230019999999968,0.0005750646917357981,0.04134901199993465,98,0.002373119500371334,0.007824499999969703,0.00042276738399122044,-44.83331298828125,-0.555235743522644,0.017568640410900116,-2.8626205921173096,,,,,
39529,67,39529,1679.6104924678802,39730,405.6827030653541,730,67,0,50.61495436127529,72.4166488647461,0.0,0.0,0.010922834019200856,0.018957700000100886,0.0016457836217479006,0.04002674869685096,0.04186140000001615,0.0005558136033794956,0.04134717200007799,18,0.0023756521261952632,0.004145100000187085,0.0003877980652284986,,,,,,,,,
40514,68,40514,1720.525720834732,40718,395.52516297016405,986,68,0,35.3342875025186,65.15892028808594,0.0,0.0,0.01113598659897845,0.019184799999948154,0.0018335466182037806,0.040033172487307506,0.04194199999983539,0.0005718295547582039,0.04129275599995708,34,0.002497892284262829,0.009536300000036135,0.0006582371488057889,,,,,,,,,
42503,69,42503,1801.638189792633,42710,1037.4931535419387,1990,69,0,45.597951300021776,65.62540435791016,0.0,0.0,0.011181010356963917,0.14246099999991202,0.0034837064609092266,0.04001775153343263,0.14764279999985774,0.0027744316525256793,0.041228319999963785,62,0.0024722185017589967,0.004491700000016863,0.0004593786963130373,,,,,,,,,
42963,70,42963,1821.4712789058685,43173,194.380024053876,461,70,0,37.90038157222639,57.81178665161133,0.0,0.0,0.011037788695650464,0.01808359999995446,0.0019244342281170993,0.0400252471739162,0.04129060000013851,0.0004957331405305181,0.04105920400000741,6,0.002394592608697582,0.0043061999999736145,0.00040075948054879633,,,,,,,,,
46027,71,46027,1945.6732997894287,46240,1670.5827758353419,3065,71,0,47.147222779278316,73.15132904052734,0.0,0.0,0.010922512500003648,0.018241200000147728,0.0017870771684046624,0.040007963936029706,0.043453900000031354,0.0005664486364965263,0.0411592620000124,67,0.0023895512402099623,0.004582300000038231,0.0004128187286040956,,,,,132.359,,,,
47856,72,47856,2020.373078584671,48072,884.212041386089,1830,72,0,42.455619189310426,64.24092102050781,0.0,132.359,0.010875512684525612,0.01822819999983949,0.001862847424486459,0.04001860585019097,0.04249480000021322,0.0005600791213031128,0.04120574400001715,58,0.002398764789504545,0.004228499999953783,0.0003974954955949109,,,,,,,,,
49076,73,49076,2070.6836268901825,49295,727.1614581971708,1221,73,0,51.4953961336015,71.84149932861328,0.0,132.359,0.010690633852457677,0.017125300000088828,0.001662785263526472,0.04001768229508451,0.04184320000013031,0.0005726184326729641,0.0412288660000695,40,0.0024784585245770283,0.004304399999909947,0.0004007873892767576,,,,,,,,,
49290,74,49290,2080.677098274231,49512,31.787778248352993,215,74,0,14.050689091493625,22.958641052246094,0.0,132.359,0.010647525233646087,0.015992600000117818,0.0015878401160115787,0.040035577102807425,0.04131769999958124,0.0005342214113513926,0.04121001800010163,6,0.002506136915905198,0.0038386999999602267,0.0004204703656711725,-46.5310173034668,0.5921863317489624,0.016439221799373627,-3.1441502571105957,,,,,
50030,75,50030,2111.7624254226685,50255,356.07341864295086,741,75,0,41.711783767821125,66.82996368408203,0.0,132.359,0.010558823108112847,0.01698420000002443,0.0016634044345941975,0.040017228648650566,0.042431699999724515,0.000636454866373873,0.04166333899980146,26,0.0024103464864882315,0.003880499999922904,0.00045116103756013176,-48.393592834472656,1.016675353050232,0.01664707250893116,-3.248242139816284,,,,,
52384,76,52384,2207.572667360306,52612,1296.2443261667033,2355,76,0,47.8223754784899,67.76810455322266,0.0,132.359,0.010870381393378334,0.018051099999865983,0.0017214456334402558,0.04003585896346374,0.041971099999955186,0.0005694204202504,0.04125471599992125,92,0.002427462234501177,0.005019799999899988,0.0004105963503581575,,,,,,,,,
53175,77,53175,2240.701630115509,53406,359.69277263768066,792,77,0,39.19123383497157,66.05547332763672,0.0,132.359,0.010976104930470772,0.017771299999822077,0.0017478051413265378,0.04002300733249602,0.041718699999819364,0.0005433036547668138,0.04122441000022263,25,0.002406934386849818,0.004132399999889458,0.0004496866144354732,,,,,,,,,
53246,78,53246,2244.985514163971,53480,6.22626238365647,72,78,0,7.506861786975707,16.26484489440918,0.0,132.359,0.010971338028175012,0.01453300000002855,0.0015648528973358268,0.04002882816903238,0.04122120000010909,0.0005405324545697593,0.04112417999986064,4,0.0023060985915409975,0.0032759999999143474,0.00044795026465011526,,,,,,,,,
53313,79,53313,2249.0975184440613,53550,4.599548860865675,68,79,0,6.08606058413245,13.51672077178955,0.0,132.359,0.010681502985077184,0.014200900000105321,0.00159232858437634,0.040020858208962055,0.04099740000037855,0.0005439203827051868,0.04098624600008407,0,0.002425962686534624,0.0034542000003057183,0.0004096802145436785,,,,,,,,,
53491,80,53491,2257.620560646057,53731,41.48636787051363,179,80,0,19.876882709313037,36.81135940551758,0.0,132.359,0.010806867977525338,0.01450299999987692,0.0015891949572579044,0.040007182022463894,0.04437920000009399,0.000793467277923818,0.041843036999780446,8,0.002400475842710528,0.0035564999998314306,0.00042883387333752946,,,,,,,,,
55697,81,55697,2347.455016851425,55940,1234.9827993632437,2207,81,0,48.90429789376103,68.3830337524414,0.0,132.359,0.011094325158657933,0.1324984000002587,0.0031211036316614615,0.040028863735272285,0.13592119999975694,0.0023702820739104763,0.04149933000012424,97,0.0024956854034435135,0.005981899999824236,0.0004936344437574953,,,,,,,,,
56429,82,56429,2378.235181093216,56675,357.9563182651391,733,82,0,42.18240275827829,66.71353149414062,0.0,132.359,0.01140370587432274,0.018588399999771354,0.0017345175285946245,0.04003947377049051,0.04319879999957266,0.000668925834465324,0.041604863000084154,52,0.0025815452185713825,0.004849700000249868,0.0004940711592254202,,,,,,,,,
57452,83,57452,2420.6366381645203,57701,507.4473654584147,1024,83,0,43.43951167072112,66.55225372314453,0.0,132.359,0.010512318084062772,0.017374399999880552,0.0017276262621860434,0.0400251372434028,0.042078699999819946,0.000618773867985394,0.0415435359998537,44,0.002580868230689949,0.0047248999999283114,0.000534271326775629,,,,,,,,,
58836,84,58836,2477.523255586624,59088,781.7143848990709,1385,84,0,49.017362761345694,68.69339752197266,0.0,132.359,0.010256013439307236,0.017515399999865622,0.001849220395095307,0.04002848063583668,0.05039299999998548,0.0007328522953484462,0.04157883199999106,75,0.0026707020231288496,0.006600900000194088,0.0006134254153457763,,,,,,,,,
59596,85,59596,2509.4030771255493,59851,361.10261625436533,761,85,0,41.079831226632784,66.47241973876953,0.0,132.359,0.01046497105264495,0.017670600000201375,0.0019526955733022773,0.0400350707894751,0.04742529999975886,0.0007937446281480867,0.04173183800003243,67,0.0026806447368459742,0.004735699999855569,0.0005798932316268784,,,,,,,,,
61933,86,61933,2604.464587688446,62191,1304.3860755675207,2338,86,0,48.16810653720014,67.35218048095703,0.0,132.359,0.010688226572525212,0.020161500000085653,0.001891175831625553,0.040022958707741085,0.04349529999990409,0.0006851605321673143,0.04166741199982425,150,0.0027382584510081956,0.0070448000001306355,0.0006107401248103617,,,,,,,,,
62669,87,62669,2635.3708188533783,62930,354.9643174730405,737,87,0,41.37721964339162,66.5634765625,0.0,132.359,0.011458609646722281,0.017972399999962363,0.0019318960348465768,0.04002697323369622,0.04279899999983172,0.0007800487420825176,0.041962079999939304,71,0.0026684552989210083,0.004616400000031717,0.0005567842111738365,,,,,,,,,
63684,88,63684,2677.4574422836304,63948,510.39222482176694,1016,88,0,43.90029815230615,67.18921661376953,0.0,132.359,0.01108227073892553,0.019490399999995134,0.0018867255750219163,0.040030959802954624,0.04474359999994704,0.0007338108749741197,0.04178406599991831,78,0.0027722619704417155,0.004816900000150781,0.0005413145939364558,,,,,,,,,
65095,89,65095,2735.4323222637177,65362,792.3978715836798,1412,89,0,48.51419102316149,68.01655578613281,0.0,132.359,0.01178077810062873,0.019336199999997916,0.0018399480198427582,0.04001693649893914,0.047465399999964575,0.000674015031194097,0.04146806999970067,94,0.0031773688164402573,0.005493000000114989,0.0006699483065469483,,,,,,,,,
67993,90,67993,2853.126629590988,68263,1648.0903145276948,2899,90,0,48.926090332738966,67.84414672851562,0.0,132.359,0.012107721670119502,0.022173900000325375,0.002160817099639206,0.04002292146307729,0.04703719999997702,0.0007002183825087891,0.04168652399972416,221,0.0032013105935152874,0.005876199999875098,0.0006787420704902707,,,,,908.926,,,,
68155,91,68155,2861.0251150131226,68428,16.75738995954507,163,91,0,10.425877994612756,20.581806182861328,0.0,908.926,0.011942988271596138,0.018339799999921524,0.0018734624444083647,0.04003097037037117,0.04275360000019646,0.0008168494170922334,0.041884751000156935,15,0.0030511382716089607,0.004646299999876646,0.0006552164431973517,,,,,,,,,
69866,92,69866,2931.004588842392,70142,879.8489526835042,1712,92,0,44.5021467735798,67.01066589355469,0.0,908.926,0.011997079368792036,0.02229559999977937,0.00208235407262815,0.0400106057276448,0.04271180000023378,0.000740492108408449,0.04182716999976037,150,0.0030516558153075813,0.00508270000000266,0.0006666224883174924,,,,,,,,,
71217,93,71217,2986.578380346298,71496,788.6472747589457,1352,93,0,49.883985555257524,67.95441436767578,0.0,908.926,0.012002169282009261,0.023861200000283134,0.002077874135172692,0.04002675899333327,0.04568019999987882,0.0007485843322663628,0.04185024999992493,114,0.0030179768319793868,0.0058549000000311935,0.0006907685697900876,,,,,,,,,
72011,94,72011,3019.80837225914,72293,368.68463934927,795,94,0,40.122758326205606,67.0626220703125,0.0,908.926,0.012298904785874783,0.02209679999987202,0.0022120763091673743,0.04002621876575016,0.04276960000015606,0.0007047155888889827,0.04158920900019893,71,0.0032660894206614334,0.008763199999975768,0.0007320195223117548,,,,,,,,,
74313,95,74313,3113.4677641391754,74598,1308.5461218263063,2303,95,0,48.66495863079909,69.0596694946289,0.0,908.926,0.011454924543879835,0.022540099999787344,0.001977433707098401,0.040024930408339855,0.04470230000015363,0.0006749367287149797,0.04158941599995159,164,0.00306085599478615,0.005606900000202586,0.0006390737274155562,,,,,,,,,
77295,96,77295,3234.408395767212,77583,1682.8195637492022,2983,96,0,48.19670199937317,70.36936950683594,0.0,908.926,0.0116990855801447,0.021635000000060245,0.0019038432806439379,0.040020174480215304,0.042372700000214536,0.0006535031367211692,0.04142064200011191,200,0.0031101034875899293,0.005769599999894126,0.0006785283598761729,,,,,377.592,,,,
80197,97,80197,3352.1221339702606,80488,1667.6495349112552,2903,97,0,49.02627331658095,69.89305877685547,0.0,377.592,0.0120140817367288,0.020443300000351883,0.0020306371995639427,0.04002253242591665,0.043467499999678694,0.000668845628610667,0.04151172000038514,208,0.003190837973808215,0.00573660000009113,0.0007025408191552937,,,,,120.177,,,,
92829,98,92829,3859.8510801792145,93123,7069.544816853152,12633,98,0,47.984356775200354,71.59627532958984,117.165,120.177,0.011691365975300905,0.20869989999982863,0.002810655796076546,0.040019758890120154,0.21462309999969875,0.0020442380347848424,0.04153800199999296,851,0.0031558587317963493,0.009166900000309397,0.0006576211572785394,,,,,122.476,117.712,117.293,117.165,
101042,99,101042,4190.57301568985,101339,4683.670963352398,8214,99,0,48.839389658893,71.63319396972656,117.165,117.165,0.012160034494094729,0.023173900000074354,0.0019762841259420277,0.040027624461217874,0.04969059999984893,0.0007151404954794878,0.04155469200008156,668,0.003241531133571855,0.01242339999998876,0.0007559152933127002,,,,,244.876,117.248,,,
102690,100,102690,4258.054032087326,102990,882.0435283058318,1649,100,0,45.88295117976723,69.23985290527344,117.165,117.248,0.011775480703882193,0.02083050000055664,0.0018403438510247977,0.04002020382281764,0.04229269999996177,0.0006498426272494984,0.04143948600052681,112,0.0031865712985376096,0.0051732000001720735,0.0006587948327648491,-58.30504608154297,0.8204970359802246,0.011739891953766346,-3.1846044063568115,,,,,
103994,101,103994,4311.723122358322,104297,790.2850968514269,1305,101,0,51.737940702979344,72.31883239746094,117.165,117.248,0.011885087269949251,0.024834300000293297,0.0018630018483845523,0.04001881119631261,0.043618200000310026,0.0006867384322976522,0.041434598999476296,105,0.0031784736196393162,0.006077000000004773,0.000650932863829804,,,,,,,,,
108615,102,108615,4498.315151691437,108921,2554.5349121783756,4622,102,0,47.6435734699911,71.26669311523438,117.165,117.248,0.012076832936592929,0.15496729999995296,0.0028502655308097345,0.040016314910192044,0.1598876999996719,0.002043910710298517,0.04149122000017087,316,0.0031832703527476095,0.007781499999509833,0.0006987814312783831,,,,,242.238,,,,
119670,103,119670,4942.907166719437,119979,6295.134607084479,11056,103,0,48.81949294562564,72.62850952148438,116.543,242.238,0.012044552048844939,0.02393209999991086,0.002100716343691647,0.04002667096336591,0.046152400000210037,0.0007188168054318698,0.041667064000721434,964,0.0031048497150644857,0.007617899999786459,0.0007208374369439511,-61.72673034667969,-3.637683868408203,0.010725204832851887,-2.197859048843384,237.41,117.533,116.543,,
134670,104,134668,5545.685736656189,134982,8587.889081846964,15001,104,0,49.04821909856608,72.87664031982422,116.174,116.543,0.013251603986666851,0.2079926999995223,0.0027670373914852543,0.040025334893336914,0.21361109999998007,0.00198558368267158,0.041781803000531,1458,0.003324667186667951,0.008991200000309618,0.0007746573237729682,-59.63100814819336,1.8351986408233643,0.010342352092266083,-3.401440382003784,236.635,116.357,116.174,118.658,
137011,105,137011,5640.9433834552765,137326,1333.5868072401215,2342,105,0,48.862157394440665,73.08470153808594,116.174,118.658,0.014039985860739896,0.027415700000346988,0.0022163361513315933,0.04002137052540885,0.047190900000714464,0.0008489973074960879,0.04186285999949177,234,0.003518105681314662,0.00646119999964867,0.0008287594656339781,,,,,,,,,
145835,106,145835,5996.094044685364,146153,5048.944289618802,8825,106,0,49.02972848105814,72.96117401123047,116.174,118.658,0.013367187613329855,0.028158500000245112,0.002309895974400861,0.04002252316410149,0.04875199999969482,0.0007437225372742578,0.04179345400035345,808,0.0033837793517662324,0.011096100000031583,0.0008021615555644683,,,,,358.063,117.834,,,
148038,107,148038,6085.838343143463,148359,1303.6217119393427,2204,107,0,50.547785778166116,72.60688781738281,116.174,117.834,0.013114384611890397,0.026148400000238325,0.002280124999240145,0.0400197784384961,0.04296130000057019,0.0007794149558669254,0.04185819399915999,240,0.003368952655475465,0.009581899999830057,0.0008789889438433464,,,,,,,,,
152618,108,152618,6270.867376565933,152942,2571.1620635443232,4581,108,0,48.0703389883537,73.3608627319336,116.174,117.834,0.012870566790399616,0.15481259999978647,0.0029957967472421325,0.040027680611347934,0.16052760000002309,0.002080695533640309,0.04173688299958485,425,0.003353238515285433,0.010514399999919988,0.0008011287852999735,,,,,238.095,,,,
154595,109,154595,6351.564667224884,154922,1149.1985112396756,1978,109,0,49.548305867447475,72.56584930419922,116.174,238.095,0.013799253717753769,0.02260680000017601,0.0020681451181997937,0.040027155488113066,0.046716400000150315,0.0008085623625150143,0.0418444679996901,229,0.0035583258472353814,0.006941399999959685,0.0007956574263510132,,,,,,,,,
161446,110,161446,6627.677035808563,161776,3891.841642804923,6852,110,0,48.628731374748384,72.82551574707031,116.174,238.095,0.013968960020439125,0.026715999999396445,0.0019974561054332627,0.04002725064954906,0.04980489999979909,0.000783436279771101,0.04182764999995925,725,0.0034647517004850617,0.015583099999275873,0.0008680872902706449,,,,,355.657,,,,
172140,111,172140,7057.668574810028,172473,6212.738105427945,10695,111,0,49.62651093998724,72.83712768554688,114.878,116.828,0.012346925921078474,0.29273509999984526,0.0037816914883355792,0.040019147325601474,0.29719959999965795,0.002965622671663554,0.041660507000024154,873,0.003109662156348618,0.014615400000366208,0.0007863024986186001,-63.856327056884766,0.8929543495178223,0.009348167106509209,-3.1911096572875977,114.878,355.657,236.346,,
186000,112,186000,7614.439880609512,186336,8022.635222797192,13861,112,0,49.61649299420038,73.187744140625,114.706,114.878,0.009671576320345595,0.13410110000040731,0.0018153361501405299,0.04002173140693309,0.13833840000006603,0.0011013710609535292,0.041311304999871935,458,0.0025374119913405863,0.00760329999957321,0.0005209616454073407,-60.69157791137695,-0.09732747077941895,0.008671391755342484,-2.9795002937316895,237.085,114.706,115.565,117.785,
197538,113,197538,8079.593245744705,197877,6739.045999790719,11539,113,0,49.89460996513255,72.92558288574219,114.706,115.216,0.011277777231755527,0.11893719999989116,0.0027363616313986526,0.04012879428844049,1.2906444999998712,0.011705181752109587,0.0412352149999424,377,0.002532657566299767,0.02191579999998794,0.0013143460186683413,,,,,114.908,117.785,117.866,115.022,
212538,114,212536,8682.234354257584,212880,8734.579702084262,15001,114,0,49.63483287425552,72.4539794921875,114.526,114.908,0.011442059639999327,0.21311099999911676,0.003209950706808855,0.04001870534666608,0.21697709999898507,0.0018947127301244793,0.041237701999325506,598,0.0025519074399999835,0.023179399999207817,0.0013750359760943546,,,,,118.2,114.903,118.745,115.063,114.526
218235,115,218235,8911.979981899261,218580,3066.019882436043,5698,115,0,46.04281897330712,72.48297882080078,114.526,116.665,0.010840365174648436,0.16750630000024103,0.0032282050387532524,0.040017017061620065,0.17194849999941653,0.002023417367513049,0.04125758800022595,251,0.0025538892926178416,0.025240999999368796,0.0014464274676926029,,,,,114.526,119.075,,,
233187,116,233187,9512.604879617691,233535,8787.379734445716,14953,116,0,50.05120046285012,73.06941986083984,113.766,116.665,0.01082721591091465,0.16483709999920393,0.0028451372965817615,0.04001333998128415,0.18252919999940787,0.001405956293200878,0.04122287999940454,575,0.0025419871856616157,0.021754800000053365,0.0013985527011340746,,,,,130.965,114.588,114.353,114.838,113.766
241165,117,241165,9833.784654378891,241516,4697.915644346431,7979,117,0,50.14366248947364,72.6784439086914,113.766,113.766,0.011124884457260726,0.03399770000032731,0.002676668115249557,0.04001348607420205,0.04252989999986312,0.0006549728475203993,0.041243366999260615,314,0.00253483769116464,0.023457600000256207,0.001490530450516138,,,,,235.183,113.964,,,
256165,118,256163,10440.639695882797,256519,8792.817906900902,15001,118,0,49.97628121452472,72.86607360839844,113.766,113.964,0.011803384333338423,0.881942899999558,0.010235187713115691,0.04030038013999899,2.421679299999596,0.021396481000645996,0.041247202998911235,556,0.002649990493335766,1.1094112000009773,0.009170820109642742,,,,,117.315,113.98,114.612,116.266,113.986
270736,119,270736,11026.003684043884,271093,8579.363533742748,14572,119,0,50.11400126768364,72.81285858154297,113.608,113.986,0.011197243435601868,0.28148890000011306,0.003414143844555354,0.040010186397648626,0.2857129999993049,0.002210782018486353,0.041135399999984654,299,0.0025260194290030328,0.02262009999867587,0.0013362504621656829,,,,,231.166,113.608,114.071,114.024,
277738,120,277738,11308.076797246933,278098,4120.095841006539,7003,120,0,50.19382030065927,73.07167053222656,113.608,114.024,0.010934770251359902,0.12686129999929108,0.0028609720389169663,0.04001245811196583,0.13041290000001027,0.0013421828785655661,0.04117272299990873,174,0.002596160182803796,0.026690400000006775,0.0015415900138988263,,,,,234.467,,,,
286373,121,286373,11655.524606704712,286736,5062.31284195685,8636,121,0,50.03590011137814,72.79814147949219,113.608,234.467,0.010893079490439628,0.15735490000042773,0.0030143362959187537,0.040016737452234094,0.16119699999944714,0.0015455800491871417,0.041194463999272554,242,0.0025704120324419643,0.024218099999416154,0.0014804568136972953,,,,,232.922,113.799,,,
301358,122,301358,12257.58089709282,301724,8877.319871942158,14986,122,0,50.45849066734025,72.5602035522461,113.394,113.394,0.011272636643312777,0.19198790000154986,0.0029008161807383987,0.04002047893226978,0.19436249999853317,0.0014709945366219522,0.041185592001274925,411,0.0025299941074416014,0.023223899999720743,0.0012212743998884423,,,,,113.799,233.028,113.557,114.625,114.107
316358,123,316356,12860.194076776505,316727,8767.004386753651,15001,123,0,49.72909709802339,72.85346221923828,113.283,113.394,0.011478670193332194,0.18664829999943322,0.0028907679460734243,0.04001742806000669,0.1901956000001519,0.0014363227954844375,0.041156212999048876,371,0.002495371953333961,0.024876299999959883,0.0011913298808697678,,,,,123.345,113.283,113.741,113.839,115.719
320896,124,320896,13043.504604816437,321268,2594.372314365988,4539,124,0,49.06025188366399,72.56752014160156,113.283,115.719,0.011210758285585824,0.03190050000011979,0.002497050825568694,0.040014490810953186,0.042264099998647,0.00056970956086419,0.0412169749998975,150,0.002504222785375661,0.02319820000047912,0.001204653036378376,,,,,118.633,,,,
332398,125,332398,13510.975502490997,332773,6731.007440320441,11503,125,0,50.00620967620999,73.00204467773438,113.283,113.752,0.011101991436269656,1.0657682000000932,0.010327245267646884,0.04045034363590106,2.4147455000002083,0.025759676425503537,0.04124509099929128,416,0.002595386663197012,0.11836850000145205,0.0018249855237324763,,,,,114.526,118.633,233.38,,
347398,126,347396,14113.712928533554,347776,8857.140595153163,15001,126,0,50.326508394097054,73.09119415283203,113.283,114.526,0.010981475426654773,0.16802710000047227,0.0032263546346930788,0.040018633206658466,0.1719465999995009,0.0013422615506888528,0.04126100800029235,599,0.0026955678466627432,0.028125499999077874,0.0018898362825173108,,,,,234.505,114.494,114.042,115.263,114.084
362398,127,362396,14716.292827129364,362779,8787.397422945025,15001,127,0,49.96804981333284,72.96755981445312,113.283,114.084,0.011978413093334044,0.1644068999994488,0.0034065199516348735,0.04001393579332459,0.16819110000142246,0.0013210899257283136,0.04126691599974947,591,0.0027845145933356736,0.022850499999549356,0.002074220176305546,,,,,117.422,115.788,114.318,113.755,114.899
377398,128,377396,15318.963394641876,377782,8757.961738796523,15001,128,0,49.7130113265702,73.11043548583984,113.283,114.899,0.01149114169333249,0.15295179999884567,0.0033241536256631505,0.040016160733330614,0.15708180000001448,0.0012310223993753414,0.04124081600110003,619,0.0027648801666677173,0.023997999998755404,0.002012558064192605,,,,,234.255,114.227,113.929,114.035,
392398,129,392396,15921.563490390778,392785,8807.466491073994,15001,129,0,50.000966638748714,73.24685668945312,113.283,114.035,0.011104364406660412,0.13374540000040724,0.0032975981280566257,0.040014120966659905,0.13804129999880388,0.001096119514994577,0.04128670899955978,605,0.002734467339998931,0.028165700001409277,0.0019575591507219633,,,,,235.218,114.047,114.231,114.776,
399235,130,399235,16197.044565200806,399625,4002.7403277234466,6838,130,0,49.88679090265278,73.42025756835938,113.283,114.776,0.011073627336562432,0.13500810000005004,0.003475302617546561,0.04001772659061889,0.13867510000090988,0.0014946898434601318,0.04125746399986383,252,0.002734261196430569,0.0243203000009089,0.001953567553976687,,,,,236.973,115.042,,,
410733,131,410733,16664.285153865814,411126,6757.103747793687,11499,131,0,50.051010269408295,73.6535415649414,113.161,113.161,0.011845837363010203,1.3654456000003847,0.012976164924298404,0.040444097860481636,1.4080294000013964,0.021188615534133863,0.041188623002999525,314,0.0025642060967254253,0.06075960000089253,0.0014787541620191172,,,,,115.543,115.042,116.502,116.559,
419234,132,419234,17006.468626737595,419630,5070.567835721995,8502,132,0,50.666043205399504,73.2983169555664,113.161,115.543,0.011660266662723281,0.03215890000137733,0.0025454051717304625,0.04002263309023425,0.042131999998673564,0.000547760950085606,0.04114390000177082,168,0.002510933196090192,0.0247267999984615,0.0012126169943212914,,,,,115.714,113.451,113.435,,
427820,133,427820,17352.128747463226,428219,5079.607564047449,8587,133,0,50.280449285121236,73.08479309082031,113.161,113.435,0.01142598956441074,0.13712010000017472,0.0029025618234814732,0.04003053827164404,0.14112040000327397,0.0013469056816626523,0.04116587500047899,195,0.002499556417437029,0.01973080000243499,0.0011364596364133285,-66.58294677734375,0.16826355457305908,0.005757410079240799,-3.032625675201416,116.283,113.607,113.49,,
442820,134,442818,17954.839188575745,443222,8811.550524144144,15001,134,0,49.956300024981736,73.61581420898438,113.161,113.49,0.010802316326682921,0.16596510000090348,0.002705010385323432,0.040023989846674525,0.16967319999821484,0.0012809609638392992,0.041116904003501986,306,0.0025031163266743535,0.0218261000009079,0.0011814149270969845,-71.38434600830078,-1.2264028787612915,0.005675105378031731,-2.7628567218780518,118.183,114.112,113.883,113.57,116.184
457820,135,457818,18557.570299863815,458225,8854.522943286373,15001,135,0,50.13177966719454,73.47906494140625,113.045,116.184,0.0110210674000026,0.13379489999715588,0.0026280275394890106,0.04002742946666185,0.13750969999819063,0.0010463088274975862,0.04115864700092061,340,0.0025109568599941366,0.023390499998640735,0.0011669309090583863,-68.35314178466797,-0.05386894941329956,0.005786777473986149,-2.989543914794922,233.491,113.045,114.834,113.517,
467996,136,467996,18966.916709184647,468404,5985.080946325533,10177,136,0,50.11771904151188,73.45760345458984,113.045,113.517,0.011901494064471298,0.13868559999900754,0.003010710855153882,0.040024068278319405,0.14300409999850672,0.0012697245854437038,0.041111900000942114,186,0.002546573280264808,0.02317389999734587,0.001263036872541583,,,,,235.737,114.137,113.785,,
470835,137,470835,19082.136828184128,471246,1678.0308810803933,2840,137,0,50.34669759758337,73.43370819091797,113.045,113.785,0.011492651532289698,0.14577920000010636,0.0036707937514635354,0.04002491373724221,0.14990830000169808,0.002347198370408502,0.04114547599987418,50,0.0025238907361826,0.019601800002419623,0.001397825741886004,,,,,117.924,,,,
473712,138,473712,19198.89883518219,474126,1687.2680956228346,2878,138,0,49.927844697232956,72.92943572998047,113.045,117.924,0.011900675808136838,0.033539700001711026,0.002712921057889795,0.04002706656241262,0.042828899997402914,0.000563690581954473,0.041195783999719425,68,0.0026130882169104214,0.020085700001800433,0.001513704489029058,,,,,116.505,,,,
477793,139,477793,19369.102269887924,478210,2299.1864273920073,4082,139,0,48.01672147673121,73.14501953125,113.045,116.505,0.01197041617249821,1.753780299997743,0.027420042477866096,0.041304339524620634,2.773225699998875,0.0479172128578533,0.041386380000039934,137,0.0027745819406966186,0.9750295999983791,0.015287562900771911,,,,,116.108,,,,
479650,140,479650,19444.940484523773,480070,1080.0669732430795,1858,140,0,49.62141839830973,73.64704132080078,113.045,116.108,0.011319800376992456,0.03092339999784599,0.002494762040795961,0.04002852762520781,0.042022800000268035,0.0006601008532816904,0.041376504001236755,98,0.0025650514270479166,0.019437599999946542,0.001312476184779848,-69.80171203613281,1.2710227966308594,0.005711983889341354,-3.2460665702819824,,,,,
485499,141,485499,19680.860888004303,485922,3382.2750479244687,5850,141,0,49.244058465098355,73.31336975097656,113.045,115.676,0.010821468302280823,0.1480690999997023,0.00305312509385974,0.040027014087868885,0.15200410000034026,0.0017282844009336102,0.041255036000802645,231,0.002514542229473566,0.026424599996971665,0.0012477478880128243,,,,,116.108,240.528,,,
491889,142,491889,19938.38884615898,492315,3730.6217153135412,6391,142,0,49.69620707346461,73.52494049072266,113.045,115.676,0.011021154366206301,0.03271689999746741,0.002513981194967405,0.04002020007828605,0.049470099998870865,0.0006309860470267968,0.041255142002810316,259,0.002513238481966904,0.02935349999825121,0.001193368365575031,,,,,119.945,113.78,,,
494756,143,494756,20054.72808265686,495185,1682.3875604331265,2868,143,0,49.81746434798932,73.43415832519531,113.045,113.78,0.010895410742926388,0.031161200000497047,0.0025171420882784,0.04001560299964794,0.04196150000279886,0.000610184104468572,0.041245247998231205,106,0.002500313428670704,0.01908750000075088,0.0011778076891282045,,,,,,,,,
497673,144,497673,20173.10112309456,498105,1701.0661970039796,2918,144,0,49.514475071761325,73.1759033203125,113.045,113.78,0.010846047857413459,0.12372659999891766,0.0032832919833470577,0.04003543105924944,0.1279504000012821,0.00198380195502289,0.04137632799771382,145,0.0025358205005490886,0.019303700002637925,0.0013021650023382935,,,,,,,,,
506386,145,506386,20523.81835603714,506821,5059.393078547458,8714,145,0,49.53037104919482,73.96958923339844,113.045,113.78,0.010832357465862865,0.042342099997767946,0.0025664894048160187,0.04002717543899547,0.045995300002687145,0.0006279037336043785,0.04127142799872672,382,0.00252145297830407,0.0194454999982554,0.001270770162490254,,,,,469.897,115.889,,,
517808,146,517808,20983.088493824005,518246,6753.193760124639,11423,146,0,50.26694180948925,73.63580322265625,113.045,115.889,0.011601421721250307,0.1403857999976026,0.0027881778614906928,0.04002433797056154,0.1441244999987248,0.001259016352987515,0.041287004000587324,529,0.002545128418815362,0.020428600000741426,0.001310222279214788,,,,,232.405,114.832,113.86,,
523615,147,523615,21217.333421468735,524056,3377.627887302358,5808,147,0,49.57288927438377,73.30116271972656,113.045,233.655,0.011644415481328996,0.15794129999994766,0.003258122780686628,0.040029498501853,0.16208579999874928,0.001874839575667263,0.04132826599947293,263,0.0025642861374162063,0.01949099999910686,0.0014030080335131086,,,,,113.86,,,,
538615,148,538613,21820.104203939438,539059,8824.096164644627,15001,148,0,50.0410585965445,73.71147155761719,113.045,233.655,0.011320539146672188,0.3481434999994235,0.00406043663058984,0.04002756682001418,0.35231849999763654,0.003060461885039562,0.0412959129986848,687,0.002501916060002744,0.02361390000078245,0.0012647016703413148,,,,,231.003,114.813,114.416,114.285,
538963,149,538963,21835.47534584999,539410,130.28638823735142,349,149,0,33.46034694384026,50.510799407958984,113.045,114.285,0.01064422902303725,0.02634580000085407,0.0023860298540745958,0.040032426436848526,0.04163900000276044,0.000773881711966029,0.041432123001577566,19,0.0024421741378402614,0.010090900002978742,0.0008660548861302456,,,,,,,,,
553963,150,553961,22443.13848257065,554413,8920.650699482543,15001,150,0,50.459208950518935,73.60981750488281,113.045,114.285,0.010842357253321583,0.1739515000008396,0.00292744715535049,0.0403511453933131,2.848968300000706,0.025259206706120838,0.04129312999917602,672,0.002535299293339873,0.06864240000140853,0.0014254651476170396,,,,,237.977,113.6,114.077,113.799,
568963,151,568961,23045.939772367477,569416,8856.077056701859,15001,151,0,50.114578167984035,73.83251953125,112.97,113.799,0.01132014913998355,0.1750791999984358,0.0029092104637141575,0.0400287473266595,0.17884980000235373,0.0013929774162669984,0.041274210000774476,592,0.0025173486600045484,0.027904400001716567,0.0013283171921682478,,,,,235.475,112.97,113.542,113.073,113.687
583963,152,583961,23648.746462345123,584419,8841.265773132007,15001,152,0,50.10527938668311,73.77488708496094,112.97,113.687,0.011520047993330082,0.16518859999996494,0.002903184705635231,0.04002932730000563,0.16980429999966873,0.0013229779961238673,0.041271822000671816,661,0.0025351476266667304,0.022204899996722816,0.0012915033849304318,,,,,119.937,113.283,113.89,114.589,113.878
598963,153,598961,24251.52371239662,599422,8867.574889949949,15001,153,0,50.21891787582628,73.89192199707031,112.97,113.878,0.011007273213328396,0.17137000000002445,0.0029578483335393063,0.040026747400012636,0.17514069999742787,0.0013674384604377065,0.04131120299876784,680,0.0025099163266573063,0.019799000001512468,0.0011816264619689493,,,,,231.436,113.217,114.759,114.686,
613963,154,613961,24854.1901409626,614425,8885.406297001537,15001,154,0,50.358485221981375,73.67446899414062,112.97,114.686,0.010782446853332173,0.1879415000003064,0.0028562422637768044,0.04002385753998994,0.1917899000000034,0.001480115026051989,0.041263829001618436,667,0.0025164609733454805,0.028551699997478863,0.001256675514851274,,,,,233.202,113.899,114.486,113.418,
628775,155,628775,25454.36502814293,629240,8822.27607188361,14813,155,0,50.686129393238055,73.71739959716797,112.97,113.418,0.011751899129095026,1.1140957000025082,0.009555061566115942,0.04035608410073385,2.4301629999972647,0.022456551892529143,0.04132897799951024,677,0.0025419425128011455,0.023392099999909988,0.0013754886804928496,,,,,233.68,113.518,113.464,113.266,113.153
643775,156,643773,26057.068806886673,644243,8892.035438574672,15001,156,0,50.38881862516584,73.59107208251953,112.97,113.609,0.011245228306670713,0.1913693999995303,0.0027721398008190234,0.04001996158000329,0.195688899999368,0.0014841927475311735,0.04119859999991604,441,0.0025378549133427443,0.02678849999938393,0.001349902470096621,,,,,113.178,113.642,113.259,113.624,113.153
658775,157,658773,26659.78769826889,659246,8850.88130048422,15001,157,0,50.187025033939406,73.67378234863281,112.97,113.624,0.010742203126660266,0.18053689999942435,0.0026999520854532337,0.04001435004665885,0.18533949999982724,0.0014098081596214662,0.04115481500106398,363,0.002553516013344294,0.025212600001395913,0.0013437299433414745,,,,,232.81,113.981,115.257,113.877,
673775,158,673773,27262.388686656952,674249,8891.653376954786,15001,158,0,50.3741298716554,73.61913299560547,112.97,113.877,0.011108322753336931,0.1889164999993227,0.0028390469975562715,0.04001313500664934,0.192382400000497,0.001454389007422712,0.04114050100131863,389,0.002483292319989414,0.024457999999867752,0.0011922563799192873,,,,,231.687,113.274,113.66,113.686,
688775,159,688773,27868.615043640137,689252,8919.377299692846,15001,159,0,50.43503963321361,73.48746490478516,112.701,113.686,0.01133768763332458,1.144117499999993,0.00958363860609385,0.04025606676665217,2.6054979000000458,0.021771311199316787,0.04125460300067061,434,0.002553878573349842,0.038095700001576915,0.0009370062384968785,,,,,234.509,112.701,112.742,113.2,113.027
703775,160,703773,28471.040762901306,704255,8902.124553602353,15001,160,0,50.34316299521015,73.75467681884766,112.678,113.027,0.010722773406676425,0.1828666000001249,0.0023187415678360616,0.04001028769333109,0.18628639999951702,0.001429669490030379,0.04118231899952662,332,0.0024776872333289552,0.00746400000207359,0.0004664662614458795,,,,,119.757,113.336,112.916,112.678,112.947
706462,161,706462,28580.144990444183,706945,1562.9469185992784,2688,161,0,49.442719985652516,73.6020278930664,112.678,112.947,0.010662128619267897,0.021662899998773355,0.001723368625911894,0.040000288946710295,0.04220089999944321,0.0005931070698154962,0.041166755999220185,63,0.002515431410529599,0.004615300000295974,0.00044097719464776324,,,,,,,,,
721462,162,721460,29182.565898180008,721948,8945.044591395497,15001,162,0,50.599929017679266,74.06639099121094,112.596,112.947,0.010533478326670835,0.1921212999986892,0.002303252692176236,0.040010205579975686,0.1973355999980413,0.0014958406922694276,0.04118436400014616,356,0.0025149113933543655,0.013521799999580253,0.0004903632807937797,,,,,350.972,113.033,112.921,112.596,
736462,163,736460,29784.957267284393,736951,8917.249560795484,15001,163,0,50.47541542689768,73.95016479492188,112.596,112.596,0.01096977581998993,0.16312599999946542,0.0022235936310187085,0.04000718779999103,0.16701620000094408,0.0013831090588385796,0.04149391600018135,1308,0.002524614486674303,0.011460400000942172,0.00047584208144214895,,,,,230.696,114.69,113.255,113.114,
751462,164,751460,30387.42859339714,751954,8877.437814496983,15001,164,0,50.28426907347704,73.64521026611328,112.596,112.947,0.010702218753318933,0.1531580999981088,0.00205453835759021,0.04000731587998744,0.15736900000047171,0.001332887132967562,0.041423853997621336,1508,0.002372729693322132,0.005839099998411257,0.00039494034274059056,,,,,113.39,113.141,113.992,113.114,233.755
757697,165,757697,30638.904219150543,758192,3684.8739878117544,6236,165,0,50.19130073775298,73.5198745727539,112.596,113.992,0.010618951611852438,0.019194399999832967,0.0018683263482314248,0.040012377385712214,0.044062299999495735,0.0008222597834260349,0.04152798400034954,704,0.002418610761818017,0.009057800001755822,0.00043830683793320266,,,,,119.489,112.966,,,
772697,166,772695,31241.453225135803,773195,8900.946900250827,15001,166,0,50.34488730745058,73.7058334350586,112.596,112.966,0.010950211919988942,0.4192302000010386,0.004637401363585064,0.040011820220001146,0.42568799999935436,0.003639469813459441,0.04165140999895812,1782,0.0026363267999962164,0.011820499999885214,0.0009524897729714071,,,,,230.567,113.331,112.985,113.123,
787697,167,787695,31844.19931936264,788198,8893.200617171711,15001,167,0,50.452803176738534,73.38646697998047,112.596,113.123,0.01261078300666971,0.20746129999679397,0.0030332483535966594,0.040024347306664765,0.21195109999825945,0.001810264626771212,0.0417108180001378,2572,0.0032826347533344235,0.015932800000882708,0.0010566026158069437,,,,,233.359,113.194,113.689,114.207,
797410,168,797410,32234.980798959732,797914,5665.328546901759,9714,168,0,49.737021380176344,73.60969543457031,112.596,114.054,0.011914224194353432,0.37511689999882947,0.0039867220340559645,0.040025509749811436,0.3798821999989741,0.0036903053572412805,0.04180229600082384,1767,0.003003962586209508,0.005827299999509705,0.0007191002772963739,-72.04603576660156,-0.7062181234359741,0.004859380889683962,-2.8674209117889404,114.207,231.732,116.752,,
800004,169,800004,32340.400032758713,800511,1503.3246757495601,2595,169,0,49.37218954812247,73.31914520263672,112.596,114.054,0.011321558635349092,0.0164591000029759,0.0011770734225409931,0.04002866056287779,0.04396130000168341,0.0009041243685635029,0.041593287001633145,423,0.002962600038546178,0.005147700001543853,0.0006728868170012975,,,,,120.311,,,,
815004,170,815002,32943.420119047165,815514,8895.149219701063,15001,170,0,50.373906853652244,73.68419647216797,112.596,120.311,0.012066007466668088,0.1489181999968423,0.0018919844618696014,0.04002729649333899,0.15529809999861754,0.001400606208026678,0.04178900199898635,2767,0.0029385506333353987,0.005714399998396402,0.0007207444138300447,,,,,116.156,113.115,114.525,113.296,112.604
830004,171,830002,33546.18078684807,830517,8879.215739887946,15001,171,0,50.429865150179566,73.99408721923828,112.596,112.604,0.012110876319972158,0.027318500004184898,0.0017757492808159134,0.04002396622004259,0.056994400001713075,0.0009598226357461352,0.04184340100211557,2759,0.0030809021933207986,0.017004500004986767,0.0008495927781831174,,,,,230.425,113.819,114.757,112.839,
834177,172,834177,33714.83334231377,834693,2481.6951581165695,4174,172,0,50.617502782810334,73.85242462158203,112.596,112.839,0.014429956865529154,0.14121320000413107,0.003925200512934382,0.04001705502035297,0.14512710000417428,0.002089931030021198,0.04198666400421643,761,0.003938851473780627,0.014195999996445607,0.0013879260368857354,,,,,232.766,,,,
849177,173,849175,34317.61976265907,849696,8861.006432657863,15001,173,0,50.174691220934484,73.7401351928711,112.596,113.188,0.013958758713302086,0.18235920000006445,0.0032851096328275196,0.040026336113334886,0.18799070000386564,0.0016136051582137962,0.04186542300223664,2634,0.003823365426636398,0.016875000001164153,0.0012170484366726996,,,,,232.766,118.254,114.74,113.344,112.947
854967,174,854967,34551.15159702301,855489,3330.4950872279314,5791,174,0,49.05993189558975,73.96207427978516,112.596,113.188,0.0156579918480411,0.03477199999906588,0.004289586993538025,0.04002468870469898,0.04807289999735076,0.0009788089029631913,0.04188705699911224,1070,0.004322478549274411,0.02386330000445014,0.0017895410199971467,,,,,236.498,,,,
860768,175,860768,34785.11075472832,861293,3395.390709619427,5802,175,0,49.81767810148219,73.5633544921875,112.596,236.498,0.013797323823456614,0.14863270000205375,0.00393288354385636,0.04002918555419091,0.15336749999551103,0.0026014759652734257,0.042126899999857415,1056,0.003658459817225683,0.034270900003321,0.001381497942255364,,,,,231.591,,,,
875150,176,875150,35363.11831688881,875678,8427.195880700521,14383,176,0,49.89974776494582,73.61259460449219,112.596,231.591,0.01356468422336096,0.19209140000020852,0.0033464625179451474,0.040026771248742904,0.19820759999856818,0.0017441472265641922,0.0420041759966989,2483,0.0036357998818373947,0.01314750000165077,0.0012994876437571726,-70.09608459472656,1.6580253839492798,0.004341515712440014,-3.3048133850097656,233.46,113.706,113.858,119.248,
890150,177,890148,35965.931133031845,890681,8826.530173186064,15001,177,0,50.093370416202504,73.72709655761719,112.596,119.248,0.014530510380015767,0.21163100000558188,0.0036067097597296217,0.04002588169997228,0.21652439999888884,0.0018146277446783052,0.04193102999968687,2697,0.0038768177933297316,0.010266299999784678,0.001305827947948796,-71.85087585449219,-1.1668847799301147,0.0051280963234603405,-2.7787046432495117,231.287,113.402,113.601,115.172,
905150,178,905148,36568.811504125595,905684,8890.74017013424,15001,178,0,50.46614070578676,73.5606918334961,112.596,115.172,0.014252630353326095,0.1821773999981815,0.003495919535527114,0.040026511473341575,0.18651559999852907,0.0016275271507138456,0.04205210300504405,2734,0.003794071273356288,0.011308399996778462,0.001193017927116032,-73.71363830566406,-1.983250617980957,0.004986392799764872,-2.625861167907715,235.249,113.982,113.229,113.634,
920150,179,920148,37171.57916975021,920687,8914.254146170513,15001,179,0,50.53708668010924,73.65113067626953,112.596,113.634,0.01425697258003444,0.20845790000021225,0.004126621423394406,0.04002335949336606,0.2134989000041969,0.0018234238130141191,0.041992050998524065,2799,0.0037329141533574634,0.01796230000036303,0.0014814352323244127,-69.08470153808594,0.5197737216949463,0.005015824921429157,-3.0981616973876953,231.281,113.619,113.12,113.713,115.044
935150,180,935148,37774.2902534008,935690,8894.272598638465,15001,180,0,50.39703904689661,73.5671157836914,112.565,115.044,0.015683648166643496,0.21283669999684207,0.005094685523630646,0.04002443042664139,0.2216176000001724,0.0018849682666652707,0.04195271000484354,2712,0.004141619200025161,0.019108100001176354,0.0016213001950901374,-71.94866180419922,-1.7281181812286377,0.004840103909373283,-2.6758220195770264,115.955,112.565,113.636,113.218,113.126
950150,181,950148,38377.11818647385,950693,8894.913952773531,15001,181,0,50.38008581820123,73.78557586669922,112.565,113.126,0.01426131558001119,0.20866519999981392,0.0036416825206541416,0.04002281864664013,0.21743569999671308,0.0017992788697238455,0.04185890100372489,2623,0.003836929199991573,0.012311200000112876,0.001318921190611434,-70.62073516845703,-1.2564575672149658,0.004692648071795702,-2.7656517028808594,230.888,114.181,114.49,113.864,
965150,182,965148,38979.809628009796,965696,8960.426881452953,15001,182,0,50.688204337529804,73.64838409423828,112.565,112.574,0.013678619926661487,0.19346519999817247,0.0031340538613694817,0.040028463180033336,0.19806170000083512,0.0016727020241829485,0.04193970500047726,2697,0.003583841553350794,0.008800000003247987,0.00127010928236163,-72.66551208496094,0.8036932945251465,0.00451873242855072,-3.148843288421631,113.864,232.297,113.271,112.832,
973041,183,973041,39297.519837617874,973590,4577.717003900539,7892,183,0,49.419773282444496,73.77568054199219,112.565,112.574,0.012259327144848996,0.02618349999829661,0.001995251321006964,0.040026415891507586,0.06678139999712585,0.000973081818325431,0.04173835999463336,1385,0.0031139336079450373,0.006816000000981148,0.0009069424458014397,,,,,233.706,113.111,,,
988041,184,988039,39900.4794216156,988593,8922.906325933724,15001,184,0,50.51426361403725,73.73975372314453,112.565,113.111,0.018859265313299935,0.15351830000145128,0.005098373158463515,0.040027627546662795,0.15861669999867445,0.0015593558927811746,0.042133124003375995,2776,0.004575400639982157,0.01219219999620691,0.0012824169370332667,,,,,233.148,113.355,113.238,113.102,
997909,185,997909,40297.53836297989,998464,5693.281243951295,9869,185,0,49.360995386077214,73.256103515625,112.565,113.545,0.020183779742542554,0.055680999998003244,0.005595707868500881,0.04003284859140812,0.08439560000260826,0.0015371065716158299,0.04231576099758968,1857,0.005409828860910798,0.04911749999882886,0.002130667476193768,,,,,113.279,113.102,235.087,,
1012909,186,1012907,40900.31342101097,1013467,8822.892765098222,15001,186,0,50.10607054156526,73.58075714111328,112.565,113.279,0.01395553468001696,0.163781299997936,0.003608917910251595,0.04002493483996174,0.17023860000335844,0.0014807463935628397,0.04187680600181921,2495,0.003976393939957294,0.012951299999258481,0.0012862971030697884,,,,,237.054,113.363,114.257,113.24,
